TimeStamp,CoolingPump,EWP-byte1,EWP-byte4,EWP-byte5,EWP-byte2
5143187.221100,0,0,0,0,133
5243918.442201,0,0,0,0,133
5344649.663301,0,0,0,0,133
5445380.884402,0,0,0,0,133
5546112.105502,0,0,0,0,133
5646843.326603,0,0,0,0,133
5747574.547703,0,0,0,0,133
5848305.768804,0,0,0,0,133
5949036.989904,0,0,0,0,133
6049768.211005,0,0,0,0,133
6150499.432105,0,0,0,0,133
6251230.653205,0,0,0,0,133
6351961.874306,0,0,0,0,133
6452693.095406,0,0,0,0,133
6553424.316507,0,0,0,0,133
6654155.537607,0,0,0,0,133
6754886.758708,0,0,0,0,133
6855617.979808,0,0,0,0,133
6956349.200909,0,0,0,0,133
7057080.422009,0,0,0,0,133
7157811.643110,0,0,0,0,133
7258542.864210,0,0,0,0,133
7359274.085310,0,0,0,0,133
7460005.306411,0,0,0,0,133
7560736.527511,0,0,0,0,133
7661467.748612,0,0,0,0,133
7762198.969712,0,0,0,0,133
7862930.190813,0,0,0,0,133
7963661.411913,0,0,0,0,133
8064392.633014,0,0,0,0,133
8165123.854114,0,0,0,0,133
8265855.075215,0,0,0,0,133
8366586.296315,0,0,0,0,133
8467317.517415,0,0,0,0,133
8568048.738516,0,0,0,0,133
8668779.959616,0,0,0,0,133
8769511.180717,0,0,0,0,133
8870242.401817,0,0,0,0,133
8970973.622918,0,0,0,0,133
9071704.844018,0,0,0,0,133
9172436.065119,0,0,0,0,133
9273167.286219,0,0,0,0,133
9373898.507320,0,0,0,0,133
9474629.728420,0,0,0,0,133
9575360.949520,0,0,0,0,133
9676092.170621,0,0,0,0,133
9776823.391721,0,0,0,0,133
9877554.612822,0,0,0,0,133
9978285.833922,0,0,0,0,133
10079017.055023,0,0,0,0,133
10179748.276123,0,0,0,0,133
10280479.497224,0,0,0,0,133
10381210.718324,0,0,0,0,133
10481941.939425,0,0,0,0,133
10582673.160525,0,0,0,0,133
10683404.381625,0,0,0,0,133
10784135.602726,0,0,0,0,133
10884866.823826,0,0,0,0,133
10985598.044927,0,0,0,0,133
11086329.266027,0,0,0,0,133
11187060.487128,0,0,0,0,133
11287791.708228,0,0,0,0,133
11388522.929329,0,0,0,0,133
11489254.150429,0,0,0,0,133
11589985.371530,0,0,0,0,133
11690716.592630,0,0,0,0,133
11791447.813730,0,0,0,0,133
11892179.034831,0,0,0,0,133
11992910.255931,0,0,0,0,133
12093641.477032,0,0,0,0,133
12194372.698132,0,0,0,0,133
12295103.919233,0,0,0,0,133
12395835.140333,0,0,0,0,133
12496566.361434,0,0,0,0,133
12597297.582534,0,0,0,0,133
12698028.803635,0,0,0,0,133
12798760.024735,0,0,0,0,133
12899491.245835,0,0,0,0,133
13000222.466936,0,0,0,0,133
13100953.688036,0,0,0,0,133
13201684.909137,0,0,0,0,133
13302416.130237,0,0,0,0,133
13403147.351338,0,0,0,0,133
13503878.572438,0,0,0,0,133
13604609.793539,0,0,0,0,133
13705341.014639,0,0,0,0,133
13806072.235740,0,0,0,0,133
13906803.456840,0,0,0,0,133
14007534.677940,0,0,0,0,133
14108265.899041,0,0,0,0,133
14208997.120141,0,0,0,0,133
14309728.341242,0,0,0,0,133
14410459.562342,0,0,0,0,133
14511190.783443,0,0,0,0,133
14611922.004543,0,0,0,0,133
14712653.225644,0,0,0,0,133
14813384.446744,0,0,0,0,133
14914115.667845,0,0,0,0,133
15014846.888945,0,0,0,0,133
15115578.110045,0,0,0,0,133
15216309.331146,0,0,0,0,133
15317040.552246,0,0,0,0,133
15417771.773347,0,0,0,0,133
15518502.994447,0,0,0,0,133
15619234.215548,0,0,0,0,133
15719965.436648,0,0,0,0,133
15820696.657749,0,0,0,0,133
15921427.878849,0,0,0,0,133
16022159.099950,0,0,0,0,133
16122890.321050,0,0,0,0,133
16223621.542150,0,0,0,0,133
16324352.763251,0,0,0,0,133
16425083.984351,0,0,0,0,133
16525815.205452,0,0,0,0,133
16626546.426552,0,0,0,0,133
16727277.647653,0,0,0,0,133
16828008.868753,0,0,0,0,133
16928740.089854,0,0,0,0,133
17029471.310954,0,0,0,0,133
17130202.532055,0,0,0,0,133
17230933.753155,0,0,0,0,133
17331664.974255,0,0,0,0,133
17432396.195356,0,0,0,0,133
17533127.416456,0,0,0,0,133
17633858.637557,0,0,0,0,133
17734589.858657,0,0,0,0,133
17835321.079758,0,0,0,0,133
17936052.300858,0,0,0,0,133
18036783.521959,0,0,0,0,133
18137514.743059,0,0,0,0,133
18238245.964160,0,0,0,0,133
18338977.185260,0,0,0,0,133
18439708.406360,0,0,0,0,133
18540439.627461,0,0,0,0,133
18641170.848561,0,0,0,0,133
18741902.069662,0,0,0,0,133
18842633.290762,0,0,0,0,133
18943364.511863,0,0,0,0,133
19044095.732963,0,0,0,0,133
19144826.954064,0,0,0,0,133
19245558.175164,0,0,0,0,133
19346289.396265,0,0,0,0,133
19447020.617365,0,0,0,0,133
19547751.838465,0,0,0,0,133
19648483.059566,0,0,0,0,133
19749214.280666,0,0,0,0,133
19849945.501767,0,0,0,0,133
19950676.722867,0,0,0,0,133
20051407.943968,0,0,0,0,133
20152139.165068,0,0,0,0,133
20252870.386169,0,0,0,0,133
20353601.607269,0,0,0,0,133
20454332.828370,0,0,0,0,133
20555064.049470,0,0,0,0,133
20655795.270570,0,0,0,0,133
20756526.491671,0,0,0,0,133
20857257.712771,0,0,0,0,133
20957988.933872,0,0,0,0,133
21058720.154972,0,0,0,0,133
21159451.376073,0,0,0,0,133
21260182.597173,0,0,0,0,133
21360913.818274,0,0,0,0,133
21461645.039374,0,0,0,0,133
21562376.260475,0,0,0,0,133
21663107.481575,0,0,0,0,133
21763838.702675,0,0,0,0,133
21864569.923776,0,0,0,0,133
21965301.144876,0,0,0,0,133
22066032.365977,0,0,0,0,133
22166763.587077,0,0,0,0,133
22267494.808178,0,0,0,0,133
22368226.029278,0,0,0,0,133
22468957.250379,0,0,0,0,133
22569688.471479,0,0,0,0,133
22670419.692580,0,0,0,0,133
22771150.913680,0,0,1.64159,0,133
22871882.134780,0,10.7561,10.2739,1.65478,133
22972613.355881,0,31.3715,20.3507,4.5052,133
23073344.576981,0,60.2634,32.9475,8.36845,133
23174075.798082,0,104.924,41.7955,9,133
23274807.019182,0,115.427,44.7137,8.14317,133
23375538.240283,0,116,45.8627,8,133
23476269.461383,0,106.431,42.5205,7.13013,133
23577000.682484,0,75.1729,31.4728,5.24547,133
23677731.903584,0,47.9986,20.2686,3.23066,133
23778463.124685,0,58.3808,20.7841,3,133
23879194.345785,0,98.6541,33.5851,3.89893,133
23979925.566885,0,122.042,44.9743,4.90676,133
24080656.787986,0,130.399,50.5709,5.91418,133
24181388.009086,0,131.921,52.8424,6.92121,133
24282119.230187,0,132.928,53,7,133
24382850.451287,0,133,53.9358,7.93578,133
24483581.672388,0,133,54,8,133
24584312.893488,0,133,54,8.9501,133
24685044.114589,0,133,54,9,133
24785775.335689,0,133.965,54,9,133
24886506.556790,0,133.028,54,9,133
24987237.777890,0,133,54,9,133
25087968.998990,0,133,54,9,133
25188700.220091,0,134,54,9,133
25289431.441191,0,134,54,9,133
25390162.662292,0,134,54,9,133
25490893.883392,0,134,54,9,133
25591625.104493,0,134,54,9,133
25692356.325593,0,133.969,54,9,133
25793087.546694,0,133.038,54,9,133
25893818.767794,0,134,54,9,133
25994549.988894,0,133.948,54,9,133
26095281.209995,0,133,54,9,133
26196012.431095,0,133,54,9,133
26296743.652196,0,133,54,9,133
26397474.873296,0,133.082,54,9,133
26498206.094397,0,134,54,9,133
26598937.315497,0,134,54,9,133
26699668.536598,0,134,54,9,133
26800399.757698,0,134,54,9,133
26901130.978799,0,134,54,9,133
27001862.199899,0,134,54,9,133
27102593.420999,0,134,54,9,133
27203324.642100,0,134,54,9,133
27304055.863200,0,134,54,9,133
27404787.084301,0,134,54,9,133
27505518.305401,0,133.838,54,9,133
27606249.526502,0,133,54,9,133
27706980.747602,0,133.177,54,9,133
27807711.968703,0,134,54,9,133
27908443.189803,0,134,54,9,133
28009174.410904,0,134,54,9,133
28109905.632004,0,134,54,9,133
28210636.853104,0,134,54,9,133
28311368.074205,0,134,54,9,133
28412099.295305,0,134,54,9,133
28512830.516406,0,134,54,9,133
28613561.737506,0,134,54,9,133
28714292.958607,0,134,54,9,133
28815024.179707,0,134,54,9,133
28915755.400808,0,134,54,9,133
29016486.621908,0,134,54,9,133
29117217.843009,0,134.279,54,9,133
29217949.064109,0,135,54,9,133
29318680.285209,0,135,54,9,133
29419411.506310,0,135,54,9,133
29520142.727410,0,134.692,54,9,133
29620873.948511,0,128.009,51.7929,8.6847,133
29721605.169611,0,102.116,42.1686,7.35582,133
29822336.390712,0,65.7657,28.0424,5.34041,133
29923067.611812,0,39.2137,16.6147,3.32293,133
30023798.832913,0,15.9809,6.86208,1.30268,133
30124530.054013,0,0.644029,0.644029,0,133
30225261.275114,0,0,0,0,133
30325992.496214,0,0,0,0,133
30426723.717314,0,0,0,0,133
30527454.938415,0,0,0,0,133
30628186.159515,0,0,0,0,133
30728917.380616,0,0,0,0,133
30829648.601716,0,0,0,0,133
30930379.822817,0,0,0,0,133
31031111.043917,0,0,0,0,133
31131842.265018,0,0,0,0,133
31232573.486118,0,0,0,0,133
31333304.707219,0,0,0,0,133
31434035.928319,0,0,0,0,133
31534767.149419,0,0,0,0,133
31635498.370520,0,0,0,0,133
31736229.591620,0,0,0,0,133
31836960.812721,0,0,0,0,133
31937692.033821,0,0,0,0,133
32038423.254922,0,0,0,0,133
32139154.476022,0,0,0,0,133
32239885.697123,0,0,0,0,133
32340616.918223,0,0,0,0,133
32441348.139324,0,0,0,0,133
32542079.360424,0,0,0,0,133
32642810.581524,0,0,0,0,133
32743541.802625,0,0,0,0,133
32844273.023725,0,0,0,0,133
32945004.244826,0,0,0,0,133
33045735.465926,0,0,0,0,133
33146466.687027,0,0,0,0,133
33247197.908127,0,0,0,0,133
33347929.129228,0,0,0,0,133
33448660.350328,0,0,0,0,133
33549391.571429,0,0,0,0,133
33650122.792529,0,0,0,0,133
33750854.013629,0,0,0,0,133
33851585.234730,0,0,0,0,133
33952316.455830,0,0,0,0,133
34053047.676931,0,0,0,0,133
34153778.898031,0,0,0,0,133
34254510.119132,0,0,0,0,133
34355241.340232,0,0,0,0,133
34455972.561333,0,0,0,0,133
34556703.782433,0,0,0,0,133
34657435.003534,0,0,0,0,133
34758166.224634,0,0,0,0,133
34858897.445734,0,0,0,0,133
34959628.666835,0,0,0,0,133
35060359.887935,0,0,0,0,133
35161091.109036,0,0,0,0,133
35261822.330136,0,0,0,0,133
35362553.551237,0,0,0,0,133
35463284.772337,0,0,0,0,133
35564015.993438,0,0,0,0,133
35664747.214538,0,0,0,0,133
35765478.435639,0,0,0,0,133
35866209.656739,0,0,0,0,133
35966940.877839,0,0,0,0,133
36067672.098940,0,0,0,0,133
36168403.320040,0,0,0,0,133
36269134.541141,0,0,0,0,133
36369865.762241,0,0,0,0,133
36470596.983342,0,0,0,0,133
36571328.204442,0,0,0,0,133
36672059.425543,0,0,0,0,133
36772790.646643,0,0,0,0,133
36873521.867744,0,0,0,0,133
36974253.088844,0,0,0,0,133
37074984.309944,0,0,0,0,133
37175715.531045,0,0,0,0,133
37276446.752145,0,0,0,0,133
37377177.973246,0,0,0,0,133
37477909.194346,0,0,0,0,133
37578640.415447,0,0,0,0,133
37679371.636547,0,0,0,0,133
37780102.857648,0,0,0,0,133
37880834.078748,0,0,0,0,133
37981565.299849,0,4.61747,8.31145,0.923495,133
38082296.520949,0,0.335876,0.604577,0.0671753,133
38183027.742049,0,0,5.62625,0,133
38283758.963150,0,17.9554,14.5052,2.83506,133
38384490.184250,0,4.67893,2.5884,0.135785,133
38485221.405351,0,0.151382,0.0756911,0,133
38585952.626451,0,0,0,0,133
38686683.847552,0,0,2.92235,0,133
38787415.068652,0,13.7399,11.8328,1.96284,133
38888146.289753,0,35.7543,21.8883,4.9665,133
38988877.510853,0,70,36,9,133
39089608.731954,0,113,44,9,133
39190339.953054,0,116.055,45.0219,8,133
39291071.174154,0,121.151,47.0672,8,133
39391802.395255,0,130.072,51.0483,8,133
39492533.616355,0,133,53.0315,8.03146,133
39593264.837456,0,133,54,9,133
39693996.058556,0,133,54,9,133
39794727.279657,0,133.053,54,9,133
39895458.500757,0,134,54,9,133
39996189.721858,0,134,54,9,133
40096920.942958,0,134,54,9,133
40197652.164059,0,134,54,9,133
40298383.385159,0,134,54,9,133
40399114.606259,0,134.097,54,9,133
40499845.827360,0,134.896,54,9,133
40600577.048460,0,134,54,9,133
40701308.269561,0,134,54,9,133
40802039.490661,0,134,54,9,133
40902770.711762,0,134,54,9,133
41003501.932862,0,134,54,9,133
41104233.153963,0,134,54,9,133
41204964.375063,0,134,54,9,133
41305695.596164,0,134,54,9,133
41406426.817264,0,134,54,9,133
41507158.038364,0,134,54,9,133
41607889.259465,0,134,54,9,133
41708620.480565,0,134,54,9,133
41809351.701666,0,134.199,54,9,133
41910082.922766,0,134.793,54,9,133
42010814.143867,0,134,54,9,133
42111545.364967,0,134,54,9,133
42212276.586068,0,134,54,9,133
42313007.807168,0,134,54,9,133
42413739.028269,0,134,54,9,133
42514470.249369,0,134,54,9,133
42615201.470469,0,134,54,9,133
42715932.691570,0,134,54,9,133
42816663.912670,0,134,54,9,133
42917395.133771,0,134,54,9,133
43018126.354871,0,134.287,54,9,133
43118857.575972,0,135,54,9,133
43219588.797072,0,134.698,54,9,133
43320320.018173,0,134.309,54,9,133
43421051.239273,0,135,54,9,133
43521782.460374,0,135,54,9,133
43622513.681474,0,135,54,9,133
43723244.902574,0,135,54,9,133
43823976.123675,0,134.654,54,9,133
43924707.344775,0,134,54,9,133
44025438.565876,0,134.36,54,9,133
44126169.786976,0,134.633,54,9,133
44226901.008077,0,134,54,9,133
44327632.229177,0,134.382,54,9,133
44428363.450278,0,135,54,9,133
44529094.671378,0,134.603,54,9,133
44629825.892479,0,134,54,9,133
44730557.113579,0,134.411,54,9,133
44831288.334679,0,135,54,9,133
44932019.555780,0,134.574,54,9,133
45032750.776880,0,134.433,54,9,133
45133481.997981,0,135,54,9,133
45234213.219081,0,135,54,9,133
45334944.440182,0,135,54,9,133
45435675.661282,0,135,54,9,133
45536406.882383,0,135,54,9,133
45637138.103483,0,134.523,54,9,133
45737869.324584,0,133.516,54,9,133
45838600.545684,0,130.541,53.5083,9,133
45939331.766784,0,122.515,51.0055,9,133
46040062.987885,0,111.437,46.9769,9,133
46140794.208985,0,101.895,43.4606,8.48687,133
46241525.430086,0,95.3975,40.959,8,133
46342256.651186,0,91.4163,38.9442,7.4721,133
46442987.872287,0,89.4647,37.4647,7,133
46543719.093387,0,89,37,7,133
46644450.314488,0,89,37,7,133
46745181.535588,0,89,37,7,133
46845912.756689,0,89,37,6.43552,133
46946643.977789,0,89,37,6,133
47047375.198889,0,89,37,6,133
47148106.419990,0,89,37,6,133
47248837.641090,0,89,37,6,133
47349568.862191,0,89,37,6,133
47450300.083291,0,87.7839,37,6,133
47551031.304392,0,85.1537,36.3846,6,133
47651762.525492,0,81.5088,34.7544,6,133
47752493.746593,0,78.7397,33.3698,6,133
47853224.967693,0,77.3624,33,6,133
47953956.188794,0,76.3554,32.3554,6,133
48054687.409894,0,76,32,6,133
48155418.630994,0,76,32,6,133
48256149.852095,0,76,32,6,133
48356881.073195,0,76,32,6,133
48457612.294296,0,76,32,6,133
48558343.515396,0,76.6887,32,5.31134,133
48659074.736497,0,77,32,5,133
48759805.957597,0,77,32,5,133
48860537.178698,0,77,32,5,133
48961268.399798,0,77,32,5,133
49061999.620899,0,77,32,5,133
49162730.841999,0,77,32,5,133
49263462.063099,0,76.2601,32,5,133
49364193.284200,0,76.7469,32,5,133
49464924.505300,0,77,32,5,133
49565655.726401,0,76.238,32,5,133
49666386.947501,0,76.769,32,5,133
49767118.168602,0,77,32,5,133
49867849.389702,0,77,32,5,133
49968580.610803,0,77,32,5,133
50069311.831903,0,77,32,5,133
50170043.053004,0,77,32,5,133
50270774.274104,0,77,32,5,133
50371505.495204,0,77,32,5,133
50472236.716305,0,77,32,5,133
50572967.937405,0,77,32,5,133
50673699.158506,0,77,32,5,133
50774430.379606,0,77,32.8495,5,133
50875161.600707,0,77,33,5,133
50975892.821807,0,77,33,5,133
51076624.042908,0,77,33,5,133
51177355.264008,0,77,32.1214,5,133
51278086.485109,0,77,32,5,133
51378817.706209,0,77,32,5,133
51479548.927309,0,77,32,5,133
51580280.148410,0,77,32,5,133
51681011.369510,0,77,32,5,133
51781742.590611,0,77,32,5,133
51882473.811711,0,76.0707,32,5,133
51983205.032812,0,76.9366,32,5,133
52083936.253912,0,77,32,5,133
52184667.475013,0,77,32,5,133
52285398.696113,0,77,32,5,133
52386129.917214,0,77,32,5,133
52486861.138314,0,77,32,5,133
52587592.359414,0,77,32,5,133
52688323.580515,0,77,32,5,133
52789054.801615,0,77,32,5,133
52889786.022716,0,77,32,5,133
52990517.243816,0,77,32,5,133
53091248.464917,0,77,32,5,133
53191979.686017,0,77,32,5,133
53292710.907118,0,77,32,5,133
53393442.128218,0,77,32,5,133
53494173.349319,0,77,32,5,133
53594904.570419,0,77,32,5,133
53695635.791519,0,77,32,5,133
53796367.012620,0,77,32,5,133
53897098.233720,0,77,32,5,133
53997829.454821,0,77,32,5,133
54098560.675921,0,77,32,5,133
54199291.897022,0,77,32,5,133
54300023.118122,0,77,32,5,133
54400754.339223,0,77,32,5,133
54501485.560323,0,77,32,5,133
54602216.781424,0,77,32,5,133
54702948.002524,0,77,32,5,133
54803679.223624,0,77,32,5,133
54904410.444725,0,77,32,5,133
55005141.665825,0,77,32,5,133
55105872.886926,0,77,32.1634,5,133
55206604.108026,0,77,32.8297,5,133
55307335.329127,0,77,32,5,133
55408066.550227,0,77,32,5,133
55508797.771328,0,77,32,5,133
55609528.992428,0,77,32,5,133
55710260.213529,0,77,32,5,133
55810991.434629,0,77,32,5,133
55911722.655729,0,76.7785,32,5,133
56012453.876830,0,76.2289,32,5,133
56113185.097930,0,77,32.2362,5,133
56213916.319031,0,77,33,5,133
56314647.540131,0,77,33,5.25115,133
56415378.761232,0,77,33,6,133
56516109.982332,0,77,33,6,133
56616841.203433,0,77,32.7272,6,133
56717572.424533,0,77,32,6,133
56818303.645634,0,77,32,5.71259,133
56919034.866734,0,77,32,5,133
57019766.087834,0,77,32,5,133
57120497.308935,0,77,32,5,133
57221228.530035,0,77,32,5,133
57321959.751136,0,77,32,5,133
57422690.972236,0,77,32,5,133
57523422.193337,0,77,32,5,133
57624153.414437,0,77,32.346,5,133
57724884.635538,0,77,33,5.3532,133
57825615.856638,0,77,32.6396,5.6396,133
57926347.077739,0,77,32,5,133
58027078.298839,0,75.5002,31.625,5,133
58127809.519939,0,67.2649,28.706,5,133
58228540.741040,0,51.3743,22.2718,4.2205,133
58329271.962140,0,26.6479,12.02,1.80399,133
58430003.183241,0,2.95897,1.77538,0,133
58530734.404341,0,0,0,0,133
58631465.625442,0,0,0,0,133
58732196.846542,0,0,0,0,133
58832928.067643,0,0,0,0,133
58933659.288743,0,0,0,0,133
59034390.509844,0,0,0,0,133
59135121.730944,0,0,0,0,133
59235852.952044,0,0,0,0,133
59336584.173145,0,0,0,0,133
59437315.394245,0,0,0,0,133
59538046.615346,0,0,0,0,133
59638777.836446,0,0,0,0,133
59739509.057547,0,0,0,0,133
59840240.278647,0,0,0,0,133
59940971.499748,0,2.58035,4.64463,0.51607,133
60041702.720848,0,18.0854,10.5703,1.52342,133
60142433.941949,0,15.1041,6.14803,0.936005,133
60243165.163049,0,2,4.76991,0.538558,133
60343896.384149,0,15.077,12.9039,2.08975,133
60444627.605250,0,39.8002,23.6241,5.20804,133
60545358.826350,0,74.4855,35.7101,8.67753,133
60646090.047451,0,98.6652,43.8326,10.5665,133
60746821.268551,0,103,47.1465,11.5732,133
60847552.489652,0,91.4031,43.3612,11.4202,133
60948283.710752,0,78.8906,36.4777,10.4129,133
61049014.931853,0,76.5941,33.4059,8.8118,133
61149746.152953,0,77,33,8,133
61250477.374054,0,77,32.391,7.39104,133
61351208.595154,0,77,32,7,133
61451939.816254,0,77,32,6.37659,133
61552671.037355,0,76.3692,32,6,133
61653402.258455,0,76.6381,32,6,133
61754133.479556,0,77,32,6,133
61854864.700656,0,76.3476,32,6,133
61955595.921757,0,76.6598,32,6,133
62056327.142857,0,77,32,6,133
62157058.363958,0,77,32,6,133
62257789.585058,0,77,32,6,133
62358520.806159,0,76.3107,32,6,133
62459252.027259,0,76.6964,32,6,133
62559983.248359,0,76.2964,32,5.29639,133
62660714.469460,0,76.711,32,5,133
62761445.690560,0,77,32,5,133
62862176.911661,0,76.2743,32,5,133
62962908.132761,0,76.7331,32,5,133
63063639.353862,0,77.7401,32.7401,5,133
63164370.574962,0,78,33,5.74734,133
63265101.796063,0,78,33,6,133
63365833.017163,0,78.7621,33,6,133
63466564.238264,0,79,33,6,133
63567295.459364,0,79,33,6,133
63668026.680464,0,79,33,6,133
63768757.901565,0,79,33,6,133
63869489.122665,0,78.2015,33,6,133
63970220.343766,0,78,33,6,133
64070951.564866,0,78.8133,33,6,133
64171682.785967,0,79,33,6,133
64272414.007067,0,79,33,6,133
64373145.228168,0,79,33,6,133
64473876.449268,0,79,33,6,133
64574607.670369,0,79,33,6,133
64675338.891469,0,78.1429,33,6,133
64776070.112569,0,78,33,6,133
64876801.333670,0,78.8719,33,6,133
64977532.554770,0,79,33,6,133
65078263.775871,0,78.1138,33,6,133
65178994.996971,0,78,33,6,133
65279726.218072,0,78.9008,33,6,133
65380457.439172,0,78.0917,33,6,133
65481188.660273,0,78,33,6,133
65581919.881373,0,78,33,6,133
65682651.102473,0,78,33,6,133
65783382.323574,0,78,33,6,133
65884113.544674,0,78,33,6,133
65984844.765775,0,78,33,6,133
66085575.986875,0,78,33,6,133
66186307.207976,0,78,33,6,133
66287038.429076,0,78.9742,33,6,133
66387769.650177,0,79.9815,33.9815,6,133
66488500.871277,0,80,34,6,133
66589232.092378,0,80,34,6,133
66689963.313478,0,80,34,6,133
66790694.534579,0,80,34,6,133
66891425.755679,0,80,34,6,133
66992156.976779,0,80,34,6,133
67092888.197880,0,80,34,6,133
67193619.418980,0,80,34,6,133
67294350.640081,0,80,34,6,133
67395081.861181,0,80,34,6,133
67495813.082282,0,80,34,6,133
67596544.303382,0,80,34,6,133
67697275.524483,0,80,34,6,133
67798006.745583,0,80,34,6,133
67898737.966684,0,80,34,6,133
67999469.187784,0,80,34,6,133
68100200.408884,0,80,34,6,133
68200931.629985,0,79.2104,33.7744,5.8872,133
68301662.851085,0,70.8449,31.1619,4.88027,133
68402394.072186,0,52.7128,23.9835,3.87294,133
68503125.293286,0,32.409,14.8395,2.59491,133
68603856.514387,0,2.56225,0.854083,0,133
68704587.735487,0,0,0,0,133
68805318.956588,0,0,0,0,133
68906050.177688,0,0,0,0,133
69006781.398788,0,0,0,0,133
69107512.619889,0,0,0,0,133
69208243.840989,0,0,0,0,133
69308975.062090,0,0,0,0,133
69409706.283190,0,0,0,0,133
69510437.504291,0,0,0,0,133
69611168.725391,0,0,0,0,133
69711899.946492,0,0,0,0,133
69812631.167592,0,0,0,0,133
69913362.388693,0,0,0,0,133
70014093.609793,0,0,0,0,133
70114824.830893,0,0,0,0,133
70215556.051994,0,0,0,0,133
70316287.273094,0,0,0,0,133
70417018.494195,0,0,0,0,133
70517749.715295,0,0,0,0,133
70618480.936396,0,0,0,0,133
70719212.157496,0,0,0,0,133
70819943.378597,0,0,0,0,133
70920674.599697,0,0,0,0,133
71021405.820798,0,0,0,0,133
71122137.041898,0,0,0,0,133
71222868.262998,0,0,0,0,133
71323599.484099,0,0,0,0,133
71424330.705199,0,0,0,0,133
71525061.926300,0,0,0,0,133
71625793.147400,0,0,0,0,133
71726524.368501,0,0,0,0,133
71827255.589601,0,0,0,0,133
71927986.810702,0,0,0,0,133
72028718.031802,0,0,0,0,133
72129449.252903,22.0593,0,0,0,133
72230180.474003,109.44,0,2.03811,0,133
72330911.695103,7.81642,0,3.34171,0,133
72431642.916204,126.221,0,1.84441,0,133
72532374.137304,11.5051,0,3,0,133
72633105.358405,106.425,0,2.56307,0,133
72733836.579505,128,1.32878,5.54342,0.442927,133
72834567.800606,128,5.70198,11.351,1.90066,133
72935299.021706,128,11.7444,14.3722,3.91479,133
73036030.242807,128,18.7185,16.9296,5.46481,133
73136761.463907,128,26.3056,19.8889,6.94445,133
73237492.685008,128,35.2758,23.4389,8.47962,133
73338223.906108,128,52.2007,25.487,8.51301,133
73438955.127208,128,64,26,7.01176,133
73539686.348309,128,64,26,5.49966,133
73640417.569409,128,69.0687,27.5206,5,133
73741148.790510,128,80.1714,32.0857,5.51428,133
73841880.011610,128,90.1732,37.6083,6.52165,133
73942611.232711,128,97.1745,42.1163,7.52908,133
74043342.453811,128,102.682,45.6094,9.07296,133
74144073.674912,128,107.174,48.6307,10.5436,133
74244804.896012,128,110.652,51.1014,12.1014,133
74345536.117113,128,113.116,52.5581,13.5581,133
74446267.338213,128,115.131,54.1311,14.5655,133
74546998.559313,128,116.573,55.5729,16.1458,133
74647729.780414,128,118.16,56.5802,17.5802,133
74748461.001514,128,119.588,57.5876,18.5876,133
74849192.222615,128,120.595,58.5947,19.5947,133
74949923.443715,128,121.602,59.6018,20,133
75050654.664816,128,122.609,60,20.6092,133
75151385.885916,128,123,60.6166,21.6166,133
75252117.107017,128,123.624,61,22,133
75352848.328117,128,124,61,22.6314,133
75453579.549218,128,124.638,61.6385,23,133
75554310.770318,128,125,62,23,133
75655041.991418,128,125.653,62,23.653,133
75755773.212519,128,126.66,62,24,133
75856504.433619,128,127,62.6678,24,133
75957235.654720,128,127,63,24,133
76057966.875820,128,127,63,24.6825,133
76158698.096921,128,127,63,25,133
76259429.318021,128,127,63,25,133
76360160.539122,128,127,63,25,133
76460891.760222,128,127,63,25,133
76561622.981323,128,127,63,25,133
76662354.202423,128,127,63,25,133
76763085.423523,128,127,63.7334,25,133
76863816.644624,128,127,64,25,133
76964547.865724,128,127.748,64,25,133
77065279.086825,128,128,64,25.7553,133
77166010.307925,128,128,64,26,133
77266741.529026,128,128,64,26,133
77367472.750126,128,127.222,64,26,133
77468203.971227,128,127.784,64,26,133
77568935.192327,128,128,64,26,133
77669666.413428,128,128,64,26,133
77770397.634528,128,128,64,26,133
77871128.855628,128,128,64,26,133
77971860.076729,128,128,64,26,133
78072591.297829,128,127.172,64,26,133
78173322.518930,128,127.836,64,26,133
78274053.740030,128,128,64,26,133
78374784.961131,128,128,64,26,133
78475516.182231,128,128,64,26,133
78576247.403332,128,128,64,26,133
78676978.624432,128,128,64,26,133
78777709.845533,128,128,64,26,133
78878441.066633,128,128,64,26,133
78979172.287733,128,128,64,26,133
79079903.508834,128,128,64,26,133
79180634.729934,128,128,64,26,133
79281365.951035,128,128,64,26,133
79382097.172135,128,128,64,26,133
79482828.393236,128,128,64,26,133
79583559.614336,128,128,64,26,133
79684290.835437,128,128,64,26,133
79785022.056537,128,128,64,26,133
79885753.277638,128,128,64,26,133
79986484.498738,128,128,64,26,133
80087215.719838,128,128,64,26,133
80187946.940939,128,128,64,26,133
80288678.162039,128,128,64,26,133
80389409.383140,128,128,64,26,133
80490140.604240,128,128,64,26,133
80590871.825341,128,128,64,26,133
80691603.046441,128,128,64,26,133
80792334.267542,128,128,64,26,133
80893065.488642,128,128,64,26,133
80993796.709743,128,128,64,26,133
81094527.930843,128,128,64,26,133
81195259.151943,128,128,64,26,133
81295990.373044,128,128,64,26,133
81396721.594144,128,128,64,26,133
81497452.815245,128,128,64,26,133
81598184.036345,128,128,64,26,133
81698915.257446,128,128,64,26,133
81799646.478546,49.5886,128,63.9013,26,133
81900377.699647,0,126.514,62.363,25.7877,133
82001108.920747,0,112.186,55.8662,23.6599,133
82101840.141848,0,95.9604,45.9202,20.5201,133
82202571.362948,0,78.8288,36.8506,16.4891,133
82303302.584048,0,61.5677,27.919,12.5946,133
82404033.805149,0,41.4209,18.7105,8.85523,133
82504765.026249,0,11.9999,4.23073,1.69229,133
82605496.247350,0,0.838951,0,0,133
82706227.468450,0,0,0,0,133
82806958.689551,0,0,0,0,133
82907689.910651,0,0,0,0,133
83008421.131752,0,0,0,0,133
83109152.352852,39.239,0,0.197164,0,133
83209883.573953,64,0.60822,2.82466,0.40548,133
83310614.795053,64,4.26011,10.6301,2.21002,133
83411346.016153,64,10.3019,13.651,3.43398,133
83512077.237254,64,16.7945,16.4486,5.22432,133
83612808.458354,64,24.622,18.9269,6.46343,133
83713539.679455,64,32.6309,22.7175,8.23917,133
83814270.900555,64,46.6718,25.2466,8.7534,133
83915002.121656,64,64,26,7.49249,133
84015733.342756,64,64,26,5.73966,133
84116464.563857,64,64.2665,26,5,133
84217195.784957,64,65,26,4.72621,133
84317927.006058,64,65,26,4,133
84418658.227158,64,64.7114,26,4,133
84519389.448258,64,64,26,3.704,133
84620120.669359,64,64,26,3,133
84720851.890459,64,64,26,3,133
84821583.111560,64,64,26,3,133
84922314.332660,64,64,26,3,133
85023045.553761,64,64,26,3,133
85123776.774861,64,64,26,3,133
85224507.995962,64,64,26,3,133
85325239.217062,64,64,26,3,133
85425970.438163,64,64,26,3,133
85526701.659263,64,64,26,3,133
85627432.880363,64,64,26,3,133
85728164.101464,64,64,26,3,133
85828895.322564,64,64,26,3,133
85929626.543665,64,64,26,3,133
86030357.764765,64,64,26,3,133
86131088.985866,64,64,26,3,133
86231820.206966,64,64,26,3,133
86332551.428067,64,64,26,3,133
86433282.649167,64,64,26,3,133
86534013.870268,64,64,26,3,133
86634745.091368,64,64,26,3,133
86735476.312468,64,64,26,3,133
86836207.533569,64,64,26,3,133
86936938.754669,64,64,26,3,133
87037669.975770,64,64,26,3,133
87138401.196870,64,64,26,3,133
87239132.417971,64,64,26,3,133
87339863.639071,64,64,26,3,133
87440594.860172,64,64,26,3,133
87541326.081272,64,64,26,3,133
87642057.302373,64,64,26,3,133
87742788.523473,64,64,26,3,133
87843519.744573,64,64,26,3,133
87944250.965674,64,64,26,3,133
88044982.186774,64,64,26,3,133
88145713.407875,64,64,26,3,133
88246444.628975,64,64,26,3,133
88347175.850076,64,64,26,3,133
88447907.071176,64,64,26,3,133
88548638.292277,64,64,26,3,133
88649369.513377,64,64,26,3,133
88750100.734478,64,64,26,3,133
88850831.955578,62.5123,64,26,3,133
88951563.176678,0,64,25.3828,3,133
89052294.397779,0,57.1293,23.1262,2.37539,133
89153025.618879,0,42.2565,18.2082,2,133
89253756.839980,0,14.8249,6.37497,0.716662,133
89354488.061080,0,1.04911,0.349702,0,133
89455219.282181,0,0,0,0,133
89555950.503281,0,0,0,0,133
89656681.724382,0,0,0,0,133
89757412.945482,0,0,0,0,133
89858144.166583,0,0,0,0,133
89958875.387683,7.67818,0,0,0,133
90059606.608783,26.9803,0,1.39952,41.9856,133
90160337.829884,2.46219,0.708144,2.70814,20.3439,133
90261069.050984,32,0.285826,1.57165,1.14331,133
90361800.272085,32,1.44213,6.76852,0.721065,133
90462531.493185,32,7.09758,11.9129,2.45645,133
90563262.714286,32,13.4126,14.4709,3.73543,133
90663993.935386,32,20.1998,17.2285,5.48565,133
90764725.156487,32,27.2515,21.0009,6.75021,133
90865456.377587,32,35.0611,24.2729,8.51528,133
90966187.598688,32,46.1808,25.7651,8.23493,133
91066918.819788,32,49.7725,26,6.45509,133
91167650.040888,32,50,26,5.22192,133
91268381.261989,32,49.215,25.215,5,133
91369112.483089,32,48.2077,24.2077,4.20769,133
91469843.704190,32,47.2007,22.4014,3.20072,133
91570574.925290,32,47,20.3859,3,133
91671306.146391,32,46.1855,19.1855,2.18552,133
91772037.367491,32,46,18.1781,2,133
91872768.588592,32,46,18,2,133
91973499.809692,32,46,18,1.16388,133
92074231.030793,32,46,17.1564,1,133
92174962.251893,32,45.1491,17,1,133
92275693.472993,32,45,17,1,133
92376424.694094,32,45,17,1,133
92477155.915194,32,45,17,1,133
92577887.136295,32,45,17,1,133
92678618.357395,32,45,17,1,133
92779349.578496,32,45,17,1,133
92880080.799596,32,45,17,1,133
92980812.020697,32,45,17,1,133
93081543.241797,32,45,17,1,133
93182274.462898,32,45,17,1,133
93283005.683998,32,45,17,1,133
93383736.905098,32,45,17,1,133
93484468.126199,32,45,17,1,133
93585199.347299,32,45,17,1,133
93685930.568400,32,45,17,1,133
93786661.789500,32,45,17,1,133
93887393.010601,32,45,17,1,133
93988124.231701,32,45,17,1,133
94088855.452802,32,45,17,1,133
94189586.673902,32,45,17,1,133
94290317.895003,32,45,17,1,133
94391049.116103,32,45,17,1,133
94491780.337203,32,45,17,1,133
94592511.558304,32,45,17,1,133
94693242.779404,32,45,17,1,133
94793974.000505,32,45,17,1,133
94894705.221605,32,45,17,1,133
94995436.442706,32,45,17,1,133
95096167.663806,32,45,17,1,133
95196898.884907,32,45,17,1,133
95297630.106007,32,45,17,1,133
95398361.327108,32,45,17,1,133
95499092.548208,32,45,17,1,133
95599823.769308,32,45,17,1,133
95700554.990409,32,45,17,1,133
95801286.211509,32,45,17,1,133
95902017.432610,32,45,17,1,133
96002748.653710,32,45,17,1,133
96103479.874811,32,45,17,1,133
96204211.095911,32,45,17,1,133
96304942.317012,32,45,17,1,133
96405673.538112,32,45,17,1,133
96506404.759213,32,45,17,1,133
96607135.980313,32,45,17,1,133
96707867.201413,32,45,17,1,133
96808598.422514,32,45,17,1,133
96909329.643614,32,45,17,1,133
97010060.864715,32,45,17,1,133
97110792.085815,32,45,17,1,133
97211523.306916,32,45,17,1,133
97312254.528016,32,45,17,1,133
97412985.749117,32,45,17,1,133
97513716.970217,32,45,17,1,133
97614448.191318,32,45,17,1,133
97715179.412418,32,45,17,1,133
97815910.633518,32,45,17,1,133
97916641.854619,32,45,17,1,133
98017373.075719,32,45,17,1,133
98118104.296820,32,45,17,1,133
98218835.517920,32,45,17,1,133
98319566.739021,32,45,17,1,133
98420297.960121,32,45,17,1,133
98521029.181222,32,45,17,1,133
98621760.402322,32,45,17,1,133
98722491.623423,32,45,17,1,133
98823222.844523,32,45,17,1,133
98923954.065623,32,45,17,1,133
99024685.286724,32,45,17,1,133
99125416.507824,32,45,17,1,133
99226147.728925,32,45,17,1,133
99326878.950025,32,45,17,1,133
99427610.171126,32,45,17,1,133
99528341.392226,32,45,17,1,133
99629072.613327,32,45,17,1,133
99729803.834427,32,45,17,1,133
99830535.055528,32,45,17,1,133
99931266.276628,32,45,17,1,133
100031997.497728,32,45,17,1,133
100132728.718829,32,45,17,1,133
100233459.939929,32,45,17,1,133
100334191.161030,32,45,17,1,133
100434922.382130,32,45,17,1,133
100535653.603231,32,45,17,1,133
100636384.824331,32,45,17,1,133
100737116.045432,32,45,17,1,133
100837847.266532,32,45,17,1,133
100938578.487633,32,45,17,1,133
101039309.708733,32,45,17,1,133
101140040.929833,32,45,17,1,133
101240772.150934,32,45,17,1,133
101341503.372034,32,45,17,1,133
101442234.593135,32,45,17,1,133
101542965.814235,32,45,17,1,133
101643697.035336,32,45,17,1,133
101744428.256436,32,45,17,1,133
101845159.477537,32,45,17,1,133
101945890.698637,32,45,17,1,133
102046621.919738,32,45,17,1,133
102147353.140838,32,45,17,1,133
102248084.361938,32,45,17,1,133
102348815.583039,32,45,17,1,133
102449546.804139,32,45,17,1,133
102550278.025240,32,45,17,1,133
102651009.246340,32,45,17,1,133
102751740.467441,32,45,17,1,133
102852471.688541,32,45,17,1,133
102953202.909642,32,45,17,1,133
103053934.130742,32,45,17,1,133
103154665.351843,32,45,17,1,133
103255396.572943,32,45,17,1,133
103356127.794043,32,45,17,1,133
103456859.015144,32,45,17,1,133
103557590.236244,32,45,17,1,133
103658321.457345,32,45,17,1,133
103759052.678445,32,45,17,1,133
103859783.899546,32,45,17,1,133
103960515.120646,32,45,17,1,133
104061246.341747,32,45,17,1,133
104161977.562847,32,45,17,1,133
104262708.783948,32,45,17,1,133
104363440.005048,32,45,17,1,133
104464171.226148,32,45,17,1,133
104564902.447249,32,45,17,1,133
104665633.668349,32,45,17,1,133
104766364.889450,32,45,17,1,133
104867096.110550,32,45,17,1,133
104967827.331651,32,45,17,1,133
105068558.552751,32,45,17,1,133
105169289.773852,32,45,17,1,133
105270020.994952,32,45,17,1,133
105370752.216053,32,45,17,1,133
105471483.437153,32,45,17,1,133
105572214.658253,32,45,17,1,133
105672945.879354,32,45,17,1,133
105773677.100454,32,45,17,1,133
105874408.321555,32,45,17,1,133
105975139.542655,32,45,17,1,133
106075870.763756,32,45,17,1,133
106176601.984856,32,45,17,1,133
106277333.205957,32,45,17,1,133
106378064.427057,32,45,17,1,133
106478795.648158,32,45,17,1,133
106579526.869258,32,45,17,1,133
106680258.090358,32,45,17,1,133
106780989.311459,30.6605,45,17,1,133
106881720.532559,1.34859,45,17,1,133
106982451.753660,0,41.3028,16.0757,1,133
107083182.974760,0,12.9347,4.77386,0.0644885,133
107183914.195861,0,1.56908,0.227632,0,133
107284645.416961,0,0.0496148,0,0,133
107385376.638062,0,0,0,0,133
107486107.859162,0,0,0,0,133
107586839.080262,0,0,0,0,133
107687570.301363,5.26966,0,0,0,133
107788301.522463,16,0,0.984481,0,133
107889032.743564,16,2,9,1,133
107989763.964664,16,9,13,3,133
108090495.185765,16,15,15,4,133
108191226.406865,16,22.0949,18.0542,6.01355,133
108291957.627966,16,29.1877,22.0626,7.0417,133
108392688.849066,16,38.3403,25.0284,8.97164,133
108493420.070167,16,50,26,7.92865,133
108594151.291267,16,50,26,5.95695,133
108694882.512368,16,50,26,5,133
108795613.733468,16,49.9439,25.8877,4.94387,133
108896344.954568,16,48.8739,23.8739,3.93697,133
108997076.175669,16,47,21.9297,3,133
109097807.396769,16,46.9223,20.8447,2.92233,133
109198538.617870,16,46,18.9148,2,133
109299269.838970,16,46,18,2,133
109400001.060071,16,46,18,1.90014,133
109500732.281171,16,45.8932,17.8932,1,133
109601463.502272,16,45,17,1,133
109702194.723372,16,45,17,1,133
109802925.944472,16,45,17,1,133
109903657.165573,16,45,17,1,133
110004388.386673,16,45,17,1,133
110105119.607774,16,45,17,1,133
110205850.828874,16,45,17,1,133
110306582.049975,16,45,17,1,133
110407313.271075,16,45,17,1,133
110508044.492176,16,45,17,1,133
110608775.713276,16,45,17,1,133
110709506.934377,16,45,17,1,133
110810238.155477,16,45,17,1,133
110910969.376577,16,45,17,1,133
111011700.597678,16,45,17,1,133
111112431.818778,16,45,17,1,133
111213163.039879,16,45,17,1,133
111313894.260979,16,45,17,1,133
111414625.482080,16,45,17,1,133
111515356.703180,16,45,17,1,133
111616087.924281,16,45,17,1,133
111716819.145381,16,45,17,1,133
111817550.366482,16,45,17,1,133
111918281.587582,16,45,17,1,133
112019012.808682,16,45,17,1,133
112119744.029783,16,45,17,1,133
112220475.250883,16,45,17,1,133
112321206.471984,16,45,17,1,133
112421937.693084,16,45,17,1,133
112522668.914185,16,45,17,1,133
112623400.135285,16,45,17,1,133
112724131.356386,16,45,17,1,133
112824862.577486,16,45,17,1,133
112925593.798587,16,45,17,1,133
113026325.019687,16,45,17,1,133
113127056.240787,16,45,17,1,133
113227787.461888,16,45,17,1,133
113328518.682988,16,45,17,1,133
113429249.904089,16,45,17,1,133
113529981.125189,16,45,17,1,133
113630712.346290,16,45,17,1,133
113731443.567390,16,45,17,1,133
113832174.788491,16,45,17,1,133
113932906.009591,16,45,17,1,133
114033637.230692,16,45,17,1,133
114134368.451792,16,45,17,1,133
114235099.672892,16,45,17,1,133
114335830.893993,16,45,17,1,133
114436562.115093,16,45,17,1,133
114537293.336194,16,45,17,1,133
114638024.557294,16,45,17,1,133
114738755.778395,16,45,17,1,133
114839486.999495,16,45,17,1,133
114940218.220596,16,45,17,1,133
115040949.441696,16,45,17,1,133
115141680.662797,16,45,17,1,133
115242411.883897,16,45,17,1,133
115343143.104997,16,45,17,1,133
115443874.326098,16,45,17,1,133
115544605.547198,16,45,17,1,133
115645336.768299,16,45,17,1,133
115746067.989399,16,45,17,1,133
115846799.210500,16,45,17,1,133
115947530.431600,16,45,17,1,133
116048261.652701,16,45,17,1,133
116148992.873801,16,45,17,1,133
116249724.094902,16,45,17,1,133
116350455.316002,16,45,17,1,133
116451186.537102,16,45,17,1,133
116551917.758203,16,45,17,1,133
116652648.979303,16,45,17,1,133
116753380.200404,16,45,17,1,133
116854111.421504,16,45,17,1,133
116954842.642605,16,45,17,1,133
117055573.863705,16,45,17,1,133
117156305.084806,16,45,17,1,133
117257036.305906,16,45,17,1,133
117357767.527007,16,45,17,1,133
117458498.748107,16,45,17,1,133
117559229.969207,16,45,17,1,133
117659961.190308,16,45,17,1,133
117760692.411408,16,45,17,1,133
117861423.632509,16,45,17,1,133
117962154.853609,16,45,17,1,133
118062886.074710,16,45,17,1,133
118163617.295810,16,45,17,1,133
118264348.516911,16,45,17,1,133
118365079.738011,16,45,17,1,133
118465810.959112,16,45,17,1,133
118566542.180212,16,45,17,1,133
118667273.401312,16,45,17,1,133
118768004.622413,16,45,17,1,133
118868735.843513,16,45,17,1,133
118969467.064614,16,45,17,1,133
119070198.285714,16,45,17,1,133
119170929.506815,16,45,17,1,133
119271660.727915,16,45,17,1,133
119372391.949016,16,45,17,1,133
119473123.170116,14.8278,45,17,1,133
119573854.391217,0,45,17,1,133
119674585.612317,0,41.6212,16.1553,1,133
119775316.833417,0,11.9144,4.87904,0.144541,133
119876048.054518,0,0.956969,0.41013,0,133
119976779.275618,0,0,0,0,133
120077510.496719,0,0,0,0,133
120178241.717819,0,0,0,0,133
120278972.938920,0,0,0,0,133
120379704.160020,0,0,0,0,133
120480435.381121,0,0,0,0,133
120581166.602221,0,0,0,0,133
120681897.823322,0,0,0,0,133
120782629.044422,0,0,0,0,133
120883360.265522,0,0,0,0,133
120984091.486623,0,0,0,0,133
121084822.707723,5.39281,0,0,0,133
121185553.928824,3.19766,0,4.7783,0,133
121286285.149924,3.80385,0,1.13871,0,133
121387016.371025,8,0,1.96983,0,133
121487747.592125,8,2.93299,9.8213,1.95532,133
121588478.813226,8,9.89492,12.955,2.98499,133
121689210.034326,8,16,16,5,133
121789941.255427,8,24,19,6,133
121890672.476527,8,30,22,8,133
121991403.697627,8,42.1131,25.0141,8.98586,133
122092134.918728,8,50,26,7.95696,133
122192866.139828,8,50,26,5.97117,133
122293597.360929,8,49.9654,25.9654,5,133
122394328.582029,8,48.9585,24.917,4.9585,133
122495059.803130,8,47.9506,22.9506,3.95061,133
122595791.024230,8,46.9434,21.8868,3,133
122696522.245331,8,46,19.9365,2.93647,133
122797253.466431,8,46,18.929,2,133
122897984.687532,8,46,18,2,133
122998715.908632,8,46,17.9143,1.91426,133
123099447.129732,8,45.9069,17,1,133
123200178.350833,8,45,17,1,133
123300909.571933,8,45,17,1,133
123401640.793034,8,45,17,1,133
123502372.014134,8,45,17,1,133
123603103.235235,8,45,17,1,133
123703834.456335,8,45,17,1,133
123804565.677436,8,45,17,1,133
123905296.898536,8,45,17,1,133
124006028.119637,8,45,17,1,133
124106759.340737,8,45,17,1,133
124207490.561837,8,45,17,1,133
124308221.782938,8,45,17,1,133
124408953.004038,8,45,17,1,133
124509684.225139,8,45,17,1,133
124610415.446239,8,45,17,1,133
124711146.667340,8,45,17,1,133
124811877.888440,8,45,17,1,133
124912609.109541,8,45,17,1,133
125013340.330641,8,45,17,1,133
125114071.551742,8,45,17,1,133
125214802.772842,8,45,17,1,133
125315533.993942,8,45,17,1,133
125416265.215043,8,45,17,1,133
125516996.436143,8,45,17,1,133
125617727.657244,8,45,17,1,133
125718458.878344,8,45,17,1,133
125819190.099445,8,45,17,1,133
125919921.320545,8,45,17,1,133
126020652.541646,8,45,17,1,133
126121383.762746,8,45,17,1,133
126222114.983847,8,45,17,1,133
126322846.204947,8,45,17,1,133
126423577.426047,8,45,17,1,133
126524308.647148,8,45,17,1,133
126625039.868248,8,45,17,1,133
126725771.089349,8,45,17,1,133
126826502.310449,8,45,17,1,133
126927233.531550,8,45,17,1,133
127027964.752650,8,45,17,1,133
127128695.973751,8,45,17,1,133
127229427.194851,8,45,17,1,133
127330158.415952,8,45,17,1,133
127430889.637052,8,45,17,1,133
127531620.858152,8,45,17,1,133
127632352.079253,8,45,17,1,133
127733083.300353,8,45,17,1,133
127833814.521454,8,45,17,1,133
127934545.742554,8,45,17,1,133
128035276.963655,8,45,17,1,133
128136008.184755,8,45,17,1,133
128236739.405856,8,45,17,1,133
128337470.626956,8,45,17,1,133
128438201.848057,8,45,17,1,133
128538933.069157,8,45,17,1,133
128639664.290257,8,45,17,1,133
128740395.511358,8,45,17,1,133
128841126.732458,3.34902,45,17,1,133
128941857.953559,0,42.9333,16.4833,1,133
129042589.174659,0,25.217,9.6868,0.4739,133
129143320.395760,0,5.64887,1.85955,0,133
129244051.616860,0,0.457675,0,0,133
129344782.837961,0,0,0,0,133
129445514.059061,0,0,0,0,133
129546245.280162,0,0,0,0,133
129646976.501262,0,0,0,0,133
129747707.722362,0,0,0,0,133
129848438.943463,0,0,0,0,133
129949170.164563,0,0,0,0,133
130049901.385664,0,0,0,0,133
130150632.606764,0,0,0,0,133
130251363.827865,0,0,0,0,133
130352095.048965,0,0,0,0,133
130452826.270066,0,0,0,0,133
130553557.491166,0,0,0,0,133
130654288.712267,0,0,0,0,133
130755019.933367,0,0,0,0,133
130855751.154467,0,0,0,0,133
130956482.375568,0,0,0,0,133
131057213.596668,0,0,0,0,133
131157944.817769,0,0,0,0,133
131258676.038869,0,0,0,0,133
131359407.259970,0,0,0,0,133
131460138.481070,0,0,0,0,133
131560869.702171,1.63908,0,0,0,133
131661600.923271,2.8187,0,2.86491,0,133
131762332.144372,1.07537,0,2.55123,0,133
131863063.365472,4,0,2,0,133
131963794.586572,4,2.21116,7.89642,1.47411,133
132064525.807673,4,8.21201,12.2337,2.74457,133
132165257.028773,4,14.5123,15.2561,4.50409,133
132265988.249874,4,22.0753,18.2782,5.75941,133
132366719.470974,4,28.6003,21.3002,7.53345,133
132467450.692075,4,39.2852,24.3213,8.77377,133
132568181.913175,4,48.2483,25.781,8.21896,133
132668913.134276,4,50,26,6.42314,133
132769644.355376,4,50,26,5.2055,133
132870375.576477,4,49.1989,25.1989,4.19885,133
132971106.797577,4,48.1912,23.3824,4,133
133071838.018677,4,47.1842,22.1842,3.18422,133
133172569.239778,4,46.1769,20.3538,3,133
133273300.460878,4,46,19.1695,2.16953,133
133374031.681979,4,46,18.1621,2,133
133474762.903079,4,46,18,2,133
133575494.124180,4,46,17.1473,1.1473,133
133676225.345280,4,45.1399,17,1,133
133776956.566381,4,45,17,1,133
133877687.787481,4,45,17,1,133
133978419.008582,4,45,17,1,133
134079150.229682,4,45,17,1,133
134179881.450782,4,45,17,1,133
134280612.671883,4,45,17,1,133
134381343.892983,4,45,17,1,133
134482075.114084,4,45,17,1,133
134582806.335184,4,45,17,1,133
134683537.556285,4,45,17,1,133
134784268.777385,4,45,17,1,133
134884999.998486,4,45,17,1,133
134985731.219586,4,45,17,1,133
135086462.440687,4,45,17,1,133
135187193.661787,4,45,17,1,133
135287924.882887,4,45,17,1,133
135388656.103988,4,45,17,1,133
135489387.325088,4,45,17,1,133
135590118.546189,4,45,17,1,133
135690849.767289,4,45,17,1,133
135791580.988390,4,45,17,1,133
135892312.209490,4,45,17,1,133
135993043.430591,4,45,17,1,133
136093774.651691,4,45,17,1,133
136194505.872792,4,45,17,1,133
136295237.093892,4,45,17,1,133
136395968.314992,4,45,17,1,133
136496699.536093,4,45,17,1,133
136597430.757193,4,45,17,1,133
136698161.978294,4,45,17,1,133
136798893.199394,4,45,17,1,133
136899624.420495,4,45,17,1,133
137000355.641595,4,45,17,1,133
137101086.862696,4,45,17,1,133
137201818.083796,4,45,17,1,133
137302549.304897,4,45,17,1,133
137403280.525997,4,45,17,1,133
137504011.747097,4,45,17,1,133
137604742.968198,4,45,17,1,133
137705474.189298,4,45,17,1,133
137806205.410399,4,45,17,1,133
137906936.631499,4,45,17,1,133
138007667.852600,4,45,17,1,133
138108399.073700,4,45,17,1,133
138209130.294801,4,45,17,1,133
138309861.515901,4,45,17,1,133
138410592.737002,4,45,17,1,133
138511323.958102,4,45,17,1,133
138612055.179202,4,45,17,1,133
138712786.400303,4,45,17,1,133
138813517.621403,1.05202,45,17,1,133
138914248.842504,0,43.082,16.5205,1,133
139014980.063604,0,28.5773,11.5318,0.752274,133
139115711.284705,0,2.22574,0.741914,0,133
139216442.505805,0,0,0,0,133
139317173.726906,0,0,0,0,133
139417904.948006,0,0,0,0,133
139518636.169107,0,0,0,0,133
139619367.390207,0,0,0,0,133
139720098.611307,0,0,0,0,133
139820829.832408,0,0,0,0,133
139921561.053508,0,0,0,0,133
140022292.274609,0,0,0,0,133
140123023.495709,0,0,0,0,133
140223754.716810,0,0,0,0,133
140324485.937910,0,0,0,0,133
140425217.159011,0,0,0,0,133
140525948.380111,0,0,0,0,133
140626679.601212,0,0,0,0,133
140727410.822312,0,0,0,0,133
140828142.043412,0.364217,0,0,0,133
140928873.264513,1.7905,0,1.94227,0,133
141029604.485613,0.0463731,0,3.41978,0,133
141130335.706714,1.89162,0,1.80612,0,133
141231066.927814,2,1.6356,6.2712,0.817799,133
141331798.148915,2,6.49908,12.2495,2.41651,133
141432529.370015,2,12.9675,14.8479,3.84786,133
141533260.591116,2,20.0182,17.2935,5.43117,133
141633991.812216,2,27.0676,20.7529,6.87645,133
141734723.033317,2,36.7929,23.8912,8.44561,133
141835454.254417,2,46.718,25.453,8.09399,133
141936185.475517,2,50,26,6.53965,133
142036916.696618,2,50,26,5.53303,133
142137647.917718,2,49.5267,25.5267,4.52674,133
142238379.138819,2,48.5196,24.0392,4,133
142339110.359919,2,47.5123,22.5123,3.51232,133
142439841.581020,2,46.505,21.0099,3,133
142540572.802120,2,46,19.4978,2.4978,133
142641304.023221,2,46,18.4904,2,133
142742035.244321,2,46,18,2,133
142842766.465421,2,46,17.4753,1.47533,133
142943497.686522,2,46,17,1,133
143044228.907622,2,45.461,17,1,133
143144960.128723,2,45,17,1,133
143245691.349823,2,45,17,1,133
143346422.570924,2,45,17,1,133
143447153.792024,2,45,17,1,133
143547885.013125,2,45,17,1,133
143648616.234225,2,45,17,1,133
143749347.455326,2,45,17,1,133
143850078.676426,2,45,17,1,133
143950809.897527,2,45,17,1,133
144051541.118627,2,45,17,1,133
144152272.339727,2,45,17,1,133
144253003.560828,2,45,17,1,133
144353734.781928,2,45,17,1,133
144454466.003029,2,45,17,1,133
144555197.224129,2,45,17,1,133
144655928.445230,2,45,17,1,133
144756659.666330,2,45,17,1,133
144857390.887431,2,45,17,1,133
144958122.108531,2,45,17,1,133
145058853.329632,2,45,17,1,133
145159584.550732,2,45,17,1,133
145260315.771832,2,45,17,1,133
145361046.992933,2,45,17,1,133
145461778.214033,2,45,17,1,133
145562509.435134,2,45,17,1,133
145663240.656234,2,45,17,1,133
145763971.877335,2,45,17,1,133
145864703.098435,2,45,17,1,133
145965434.319536,2,45,17,1,133
146066165.540636,2,45,17,1,133
146166896.761737,2,45,17,1,133
146267627.982837,0.183239,45,17,1,133
146368359.203937,0,41.1022,16.2204,1,133
146469090.425038,1.51191,14.7056,5.72415,0.20955,133
146569821.646138,0.911371,1.6256,6.1872,0.7968,133
146670552.867239,0,0.80552,2.9724,0.19448,133
146771284.088339,1.03233,0.186717,0.373434,0,133
146872015.309440,1.12248,0,4.09184,0,133
146972746.530540,0.72155,0,2.51802,0,133
147073477.751641,2,0,2,0,133
147174208.972741,2,2.52007,8.72018,1.68004,133
147274940.193841,2,8.93196,12.5423,2.84742,133
147375671.414942,2,15.1295,15.5648,4.70984,133
147476402.636042,2,22.8945,18.5855,5.86182,133
147577133.857143,2,29.2149,21.6075,7.73831,133
147677865.078243,0.399413,41.3953,24.6297,8.87656,133
147778596.299344,0,61.5628,25.8839,7.23211,133
147879327.520444,0,64.8914,26,6.10865,133
147980058.741545,0,65,26,5.1029,133
148080789.962645,0,55.956,23.2868,4.0956,133
148181521.183746,0,38.5956,16.6205,3.08864,133
148282252.404846,0,5.63754,2.16362,0.232724,133
148382983.625946,0,0.209748,0.0699158,0,133
148483714.847047,0,0,0,0,133
148584446.068147,0,0,0,0,133
148685177.289248,0,0,0,0,133
148785908.510348,0,0,0,0,133
148886639.731449,0,0,0,0,133
148987370.952549,0,0,0,0,133
149088102.173650,0,0,0,0,133
149188833.394750,0,0,0,0,133
149289564.615851,0,0,0,0,133
149390295.836951,0,0,0,0,133
149491027.058051,0.391767,0,0,0,133
149591758.279152,1,0,0.0175337,0,133
149692489.500252,1,0.0442174,1.17687,0.0221087,133
149793220.721353,1,2.21008,9.12005,1.06002,133
149893951.942453,1,9.22111,13.0737,3.03685,133
149994683.163554,1,15.3134,15.1343,4.08953,133
150095414.384654,1,22.3651,18.2086,6.05215,133
150196145.605755,1,29.5316,22.1772,7.11814,133
150296876.826855,1,38.7975,25.0665,8.93354,133
150397608.047956,1,50,26,7.85236,133
150498339.269056,1,50,26,5.91891,133
150599070.490157,1,50,25.9131,5,133
150699801.711257,1,49.8115,24.9058,4.90575,133
150800532.932357,1,47.8988,23.7977,3.89884,133
150901264.153458,1,47,21.783,3,133
151001995.374558,1,46.8842,19.8842,2.88417,133
151102726.595659,1,46,18.8767,2,133
151203457.816759,1,46,18,2,133
151304189.037860,1,46,17.862,1.86195,133
151404920.258960,1,45.8546,17,1,133
151505651.480061,1,45,17,1,133
151606382.701161,1,45,17,1,133
151707113.922261,1,45,17,1,133
151807845.143362,1,45,17,1,133
151908576.364462,1,45,17,1,133
152009307.585563,1,45,17,1,133
152110038.806663,1,45,17,1,133
152210770.027764,1,45,17,1,133
152311501.248864,1,45,17,1,133
152412232.469965,1,45,17,1,133
152512963.691065,1,45,17,1,133
152613694.912166,1,45,17,1,133
152714426.133266,1,45,17,1,133
152815157.354366,1,45,17,1,133
152915888.575467,1,45,17,1,133
153016619.796567,1,45,17,1,133
153117351.017668,1,45,17,1,133
153218082.238768,1,45,17,1,133
153318813.459869,1,45,17,1,133
153419544.680969,1,45,17,1,133
153520275.902070,1,45,17,1,133
153621007.123170,1,45,17,1,133
153721738.344271,1,45,17,1,133
153822469.565371,1,45,17,1,133
153923200.786471,0.0875828,45,17,1,133
154023932.007572,0,41.6484,15.9945,1,133
154124663.228672,0,24.0046,9.53314,0.656395,133
154225394.449773,0.669721,1.93911,0.646369,0,133
154326125.670873,0.426197,0,0,0,133
154426856.891974,0,0,0,0,133
154527588.113074,0.394516,0,0,0,133
154628319.334175,1,0,0,0,133
154729050.555275,1,0,2.7222,0.388885,133
154829781.776376,1,2.36823,8.97352,1.3947,133
154930512.997476,1,8.81666,12.8048,2.80476,133
155031244.218576,0.966296,15.8683,15.2293,4.40976,133
155131975.439677,0.0318518,14.1464,11.5645,3.32753,133
155232706.660777,0,3.43949,2.29299,0.573248,133
155333437.881878,0,0,0,0,133
155434169.102978,0,0,0,0,133
155534900.324079,0,0,0,0,133
155635631.545179,0,0,0,0,133
155736362.766280,0,0,0,0,133
155837093.987380,0,0,0,0,133
155937825.208481,0,0,0,0,133
156038556.429581,0,0,0,0,133
156139287.650681,0,0,0,0,133
156240018.871782,0,0,0,0,133
156340750.092882,0,0,0,0,133
156441481.313983,0,0,0,0,133
156542212.535083,0,0,0,0,133
156642943.756184,0,0,0,0,133
156743674.977284,0,0,0,0,133
156844406.198385,0,0,0,0,133
156945137.419485,0,0,0,0,133
157045868.640586,0,0,0,0,133
157146599.861686,0,0,0,0,133
157247331.082786,0,0,0,0,133
157348062.303887,0,0,0,0,133
157448793.524987,0,0,0,0,133
157549524.746088,0,0,0,0,133
157650255.967188,0,0,0,0,133
157750987.188289,0,0,0,0,133
157851718.409389,0,0,0,0,133
157952449.630490,0,0,0,0,133
158053180.851590,0,0,0,0,133
158153912.072691,0,0,0,0,133
158254643.293791,0,0,0,0,133
158355374.514891,0,0,0,0,133
158456105.735992,0,0,0,0,133
158556836.957092,0,0,0,0,133
158657568.178193,0,0,0,0,133
158758299.399293,0,0,0,0,133
158859030.620394,0,0,0,0,133
158959761.841494,0,0,0,0,133
159060493.062595,0,0,0,0,133
159161224.283695,0,0,0,0,133
159261955.504796,0,0,0,0,133
159362686.725896,0,0,0,0,133
159463417.946996,0,0,0,0,133
159564149.168097,0,0,0,0,133
159664880.389197,0,0,0,0,133
159765611.610298,0,0,0,0,133
159866342.831398,0,0,0,0,133
159967074.052499,0,0,0,0,133
160067805.273599,0,0,0,0,133
160168536.494700,0,0,0,0,133
160269267.715800,0,0,0,0,133
160369998.936901,0,0,0,0,133
160470730.158001,0,0,0,0,133
160571461.379101,0,0,0,0,133
160672192.600202,0,0,0,0,133
160772923.821302,0,0,0,0,133
160873655.042403,nan,0,0,0,133
160974386.263503,nan,0,0,0,133
161075117.484604,nan,0,0,0,133
161175848.705704,nan,0,0,0,133
161276579.926805,nan,0,0,0,133
161377311.147905,nan,0,0,0,133
161478042.369006,nan,0,0,0,133
161578773.590106,nan,0,0,0,133
161679504.811206,nan,0,0,0,133
161780236.032307,nan,0,0,0,133
161880967.253407,nan,0,0,0,133
161981698.474508,nan,0,0,0,133
162082429.695608,nan,0,0,0,133
162183160.916709,nan,0,0,0,133
162283892.137809,nan,0,0,0,133
162384623.358910,nan,0,0,0,133
162485354.580010,nan,0,0,0,133
162586085.801111,nan,0,0,0,133
162686817.022211,nan,0,0,0,133
162787548.243311,nan,0,0,0,133
162888279.464412,nan,0,3.91774,33.3007,133
162989010.685512,nan,3.94714,10.9075,4.39643,133
163089741.906613,nan,11,14,4,133
163190473.127713,nan,18,16,5,133
163291204.348814,nan,25,20,7,133
163391935.569914,nan,32.3643,23.0475,8.01584,133
163492666.791015,nan,55.2325,26,8.9535,133
163593398.012115,nan,65,26,6.96939,133
163694129.233216,nan,65.1136,26.0379,5.96214,133
163794860.454316,nan,68.7853,27.3054,5.04363,133
163895591.675416,nan,86.7583,34.455,6.05055,133
163996322.896517,nan,101.579,43.4056,7.17385,133
164097054.117617,nan,111.457,50.3916,10.1958,133
164197785.338718,nan,118.436,56.2907,13.218,133
164298516.559818,nan,124.32,60.3199,16.24,133
164399247.780919,nan,128.35,64.2624,19.2624,133
164499979.002019,nan,132.377,67.2829,22.2829,133
164600710.223120,nan,136.305,70.3052,25.3052,133
164701441.444220,nan,139.327,73.3274,28.3274,133
164802172.665321,nan,142.233,76.2329,31.3493,133
164902903.886421,nan,144.124,78.2476,34.2476,133
165003635.107521,nan,139.116,78.954,36.1308,133
165104366.328622,nan,105.818,70.7532,35.6146,133
165205097.549722,nan,144.173,63.7245,25.5511,133
165305828.770823,nan,137.255,59.4286,14.7041,133
165406559.991923,nan,23.7284,10.1928,1.67142,133
165507291.213024,nan,1.65649,0.828245,0,133
165608022.434124,nan,0,0,0,133
165708753.655225,nan,0,0,0,133
165809484.876325,nan,0,0,0,133
165910216.097426,nan,0,0,0,133
166010947.318526,nan,0,0,0,133
166111678.539626,nan,0,0,0,133
166212409.760727,nan,0,0,0,133
166313140.981827,nan,0,0,0,133
166413872.202928,nan,0,0,0,133
166514603.424028,nan,0.243821,1.95057,0.243821,133
166615334.645129,nan,2.49665,8.99777,1.49888,133
166716065.866229,nan,8.79793,12.7705,3.25685,133
166816797.087330,nan,15.8497,15.7927,4.52849,133
166917528.308430,nan,22.6293,18.8146,6.27154,133
167018259.529531,nan,35.6397,21.8361,7.5574,133
167118990.750631,nan,80.3268,24.5725,8.71376,133
167219721.971731,nan,137.466,26,7.70676,133
167320453.192832,nan,141,26,6.69931,133
167421184.413932,nan,141.615,26.9225,5.6925,133
167521915.635033,nan,144.569,31.8233,5.3137,133
167622646.856133,nan,148.963,40.5689,6.64223,133
167723378.077234,nan,151.657,48.2984,8.98504,133
167824109.298334,nan,153.671,54.6769,12.0061,133
167924840.519435,nan,155.343,59.371,15.0282,133
168025571.740535,nan,147.946,63.4007,18.0505,133
168126302.961636,nan,133.715,67.0728,21.4303,133
168227034.182736,nan,136.095,70.0948,25.0948,133
168327765.403836,nan,139.117,73.117,28.117,133
168428496.624937,nan,141.759,75.7586,30.7586,133
168529227.846037,nan,143.772,77.7725,33.1587,133
168629959.067138,nan,143.819,80.1812,35.7875,133
168730690.288238,nan,104.554,64.6862,32.1682,133
168831421.509339,nan,30.4252,23.7274,15.0935,133
168932152.730439,nan,2.3199,1.15995,0.579975,133
169032883.951540,nan,0,0,0,133
169133615.172640,nan,0,0,0,133
169234346.393741,nan,0,0,0,133
169335077.614841,nan,0,0,0,133
169435808.835941,nan,0,0,0,133
169536540.057042,nan,0,0,0,133
169637271.278142,nan,0,0,0,133
169738002.499243,nan,0,0,0,133
169838733.720343,nan,0,0,0,133
169939464.941444,nan,0,1.96665,0,133
170040196.162544,nan,1.99141,7.48496,0.995703,133
170140927.383645,nan,7.03159,12.5158,2.50526,133
170241658.604745,nan,13.5873,15.0249,4.02494,133
170342389.825846,nan,21.1567,17.5587,5.51958,133
170443121.046946,nan,28.1615,21.1077,7.05384,133
170543852.268046,nan,41.6873,24.0687,8.53436,133
170644583.489147,nan,58.042,25.5417,7.91662,133
170745314.710247,nan,64,26,6.45095,133
170846045.931348,nan,65.111,26,5.44449,133
170946777.152448,nan,76.1185,29.935,5.56214,133
171047508.373549,nan,93.1082,38.1233,6.56926,133
171148239.594649,nan,105.765,46.0352,8.72936,133
171248970.815750,nan,114.67,52.5028,11.1676,133
171349702.036850,nan,121.547,57.9559,14.3647,133
171450433.257951,nan,126.993,62.3944,17.7958,133
171551164.479051,nan,131.424,66.4238,20.8178,133
171651895.700151,nan,135.453,69.84,23.84,133
171752626.921252,nan,138.861,72.8613,26.8613,133
171853358.142352,nan,141.883,75.2551,29.8827,133
171954089.363453,nan,144.27,77.2699,32.2699,133
172054820.584553,nan,146.285,79.2847,34.927,133
172155551.805654,nan,136.604,81.2995,37.2995,133
172256283.026754,nan,94.2009,59.0006,33.4001,133
172357014.247855,nan,75.6642,39.0299,25.6866,133
172457745.468955,nan,76.6714,33.6572,19.6429,133
172558476.690056,nan,77,32.3213,15.9638,133
172659207.911156,nan,77,32,12.9418,133
172759939.132256,nan,77,32,10.613,133
172860670.353357,nan,77,32,9.29903,133
172961401.574457,nan,77,32,8.29205,133
173062132.795558,nan,77,32,7.28485,133
173162864.016658,nan,77,32,6.27752,133
173263595.237759,nan,79.1898,32.7299,6,133
173364326.458859,nan,85.1608,35.2118,6.73726,133
173465057.679960,nan,90.7236,38.2342,7,133
173565788.901060,nan,96.5124,42.0082,7.75206,133
173666520.122161,nan,101.797,45.2783,9.51886,133
173767251.343261,nan,107.599,48.2993,10.7664,133
173867982.564361,nan,112.095,52.0948,12.5474,133
173968713.785462,nan,116.906,55.3433,14.5622,133
174069445.006562,nan,121.942,58.3653,16.5769,133
174170176.227663,nan,126.979,62.1834,19.3875,133
174270907.448763,nan,131.213,65.4097,21.6065,133
174371638.669864,nan,135.241,68.4307,24.4307,133
174472369.890964,nan,138.452,71.4525,27.4525,133
174573101.112065,nan,141.475,74.4747,29.6498,133
174673832.333165,nan,143.665,76.6646,32.4969,133
174774563.554266,nan,145.679,78.6794,34.6794,133
174875294.775366,nan,144.307,81.5398,36.6932,133
174976025.996466,nan,89.3542,63.2155,35.2923,133
175076757.217567,nan,14.2738,12.435,7.32579,133
175177488.438667,nan,0.509182,0.636478,0.381887,133
175278219.659768,nan,0,0,0,133
175378950.880868,nan,0,0,0,133
175479682.101969,nan,0,0,0,133
175580413.323069,nan,0,0,0,133
175681144.544170,nan,0,0,0,133
175781875.765270,nan,0,0,0,133
175882606.986371,nan,0,0,0,133
175983338.207471,nan,0,0,0,133
176084069.428571,nan,0,0,0,133
176184800.649672,nan,0,0.943195,0,133
176285531.870772,nan,1.90083,8.60332,0.950415,133
176386263.091873,nan,8.7009,12.8291,2.91454,133
176486994.312973,nan,14.791,14.9303,3.96516,133
176587725.534074,nan,21.8081,17.9178,5.94519,133
176688456.755174,nan,28.8601,21.9201,7.96003,133
176789187.976275,nan,37.8864,24.9621,8.98738,133
176889919.197375,nan,64,26,8,133
176990650.418476,nan,65,26,6,133
177091381.639576,nan,65,26,5,133
177192112.860676,nan,77.2801,30.1327,5.02948,133
177292844.081777,nan,96.2597,39.1732,7.04329,133
177393575.302877,nan,108.236,47.2069,9.08867,133
177494306.523978,nan,116.259,54.1849,12.1109,133
177595037.745078,nan,123.221,59.177,15.1327,133
177695768.966179,nan,128.204,63.2043,18.1532,133
177796500.187279,nan,132.234,67.1756,21.1756,133
177897231.408380,nan,136.198,70.1979,24.1979,133
177997962.629480,nan,139.22,73.1466,27.2198,133
178098693.850581,nan,142.161,75.1615,30.2422,133
178199425.071681,nan,144.176,77.176,33.176,133
178300156.292781,nan,145.716,79.2845,35.1897,133
178400887.513882,nan,140.568,81.696,37,133
178501618.734982,nan,110.884,74.2841,36.1226,133
178602349.956083,nan,44.4148,34.1274,28.0637,133
178703081.177183,nan,40.4978,19.6267,20.3778,133
178803812.398284,nan,46.6365,17.7909,15.4727,133
178904543.619384,nan,66.0858,24.1124,11.7219,133
179005274.840485,nan,80.3134,31.7297,9.85407,133
179106006.061585,nan,89.0735,36.7668,9,133
179206737.282686,nan,96.126,41.6434,9.16086,133
179307468.503786,nan,103.009,45.6729,10.3365,133
179408199.724886,nan,109.229,49.7023,12.1756,133
179508930.945987,nan,115.914,53.7313,13.3656,133
179609662.167087,nan,121.139,57.7594,15.5695,133
179710393.388188,nan,127.182,61.7883,18.3942,133
179811124.609288,nan,133.43,65.817,20.6127,133
179911855.830389,nan,140.06,69.8482,23.6361,133
180012587.051489,nan,145.097,73.6581,26.6581,133
180113318.272590,nan,150.134,76.6802,29.4535,133
180214049.493690,nan,155.17,79.7021,31.7021,133
180314780.714791,nan,159.964,82.482,34.482,133
180415511.935891,nan,163.993,84.4965,36.2482,133
180516243.156991,nan,167.255,86.5102,37.5102,133
180616974.378092,nan,168,88,39,133
180717705.599192,nan,168.27,88.2699,39.2699,133
180818436.820293,nan,169.277,89,40,133
180919168.041393,nan,170,88.7159,39.7159,133
181019899.262494,nan,170,88,39,133
181120630.483594,nan,170,87.7014,38.7014,133
181221361.704695,nan,170,87,37.6936,133
181322092.925795,nan,170,86.6864,36.6864,133
181422824.146896,nan,171.283,86,35.6792,133
181523555.367996,nan,175.642,85.6716,34.6716,133
181624286.589096,nan,178.329,84.3289,33.6644,133
181725017.810197,nan,176.313,82.6567,32.6567,133
181825749.031297,nan,174.299,81.6493,31.6493,133
181926480.252398,nan,172.642,80.6419,30.6419,133
182027211.473498,nan,171.269,79.6345,30,133
182127942.694599,nan,170,79,29.6273,133
182228673.915699,nan,169.62,78.6203,28.6203,133
182329405.136800,nan,168.613,77.6129,28,133
182430136.357900,nan,168,77,27.6055,133
182530867.579001,nan,168,77,27,133
182631598.800101,nan,167.591,77,27,133
182732330.021201,nan,167,77,26.5833,133
182833061.242302,nan,166.576,76.5762,26,133
182933792.463402,nan,166,76,26,133
183034523.684503,nan,166,76,26,133
183135254.905603,nan,166,76,26,133
183235986.126704,nan,165.547,76,26,133
183336717.347804,nan,165,75.5396,26,133
183437448.568905,nan,164.532,75,26,133
183538179.790005,nan,163.525,74.0505,25.5253,133
183638911.011106,nan,163,73,25,133
183739642.232206,nan,163.489,73.4894,25.4894,133
183840373.453306,nan,164,74.4968,26,133
183941104.674407,nan,164,75.5039,26.5039,133
184041835.895507,nan,164.511,76,27,133
184142567.116608,nan,165,76.5184,27.5184,133
184243298.337708,nan,165,77,28,133
184344029.558809,nan,163.934,77.5332,28.5332,133
184444760.779909,nan,163,78,29,133
184545492.001010,nan,164.096,78.548,29.548,133
184646223.222110,nan,165,79,30,133
184746954.443211,nan,165,79,30,133
184847685.664311,nan,165,79,30.5698,133
184948416.885411,nan,165,79,31,133
185049148.106512,nan,165,79,31,133
185149879.327612,nan,165,79.5918,31,133
185250610.548713,nan,165,80,31,133
185351341.769813,nan,165,80,31,133
185452072.990914,nan,165,79.3864,31,133
185552804.212014,nan,165,78.3792,31,133
185653535.433115,nan,164.372,78,31,133
185754266.654215,nan,164,78,31.6356,133
185854997.875316,nan,164.643,78.6429,32,133
185955729.096416,nan,165,79,32,133
186056460.317516,nan,165,79.6577,32.6577,133
186157191.538617,nan,165,80,33,133
186257922.759717,nan,165,80.672,33,133
186358653.980818,nan,165,81,33.6793,133
186459385.201918,nan,164.313,81,34,133
186560116.423019,nan,162.612,81,34,133
186660847.644119,nan,160.597,80.2985,34.7015,133
186761578.865220,nan,158.583,80,35,133
186862310.086320,nan,158,80,35,133
186963041.307420,nan,158,80,35,133
187063772.528521,nan,158,80.7305,35.7305,133
187164503.749621,nan,158,81,36,133
187265234.970722,nan,158.745,81.7453,36.7453,133
187365966.191822,nan,159,82,37,133
187466697.412923,nan,159.76,82.7596,37.7596,133
187567428.634023,nan,160.767,83.7669,38,133
187668159.855124,nan,161.774,84,38.7743,133
187768891.076224,nan,162,84,39,133
187869622.297325,nan,162,84.789,39.789,133
187970353.518425,nan,162,85,40,133
188071084.739525,nan,162.803,85,40.8034,133
188171815.960626,nan,163,85.8107,41,133
188272547.181726,nan,163,86,41.818,133
188373278.402827,nan,163,86,42,133
188474009.623927,nan,163,86,42,133
188574740.845028,nan,161.32,85.1598,42,133
188675472.066128,nan,159.305,85,42,133
188776203.287229,nan,157.291,84.1455,42.8545,133
188876934.508329,nan,155.276,84,43,133
188977665.729430,nan,144.575,86.6062,43,133
189078396.950530,nan,131.604,86.1234,42.1234,133
189179128.171631,nan,61.9341,47.9892,34.9282,133
189279859.392731,nan,60.1308,30.5212,25.9779,133
189380590.613831,nan,58.304,24.5067,19.608,133
189481321.834932,nan,57.0943,23.0943,14.4715,133
189582053.056032,nan,57,22.0871,10.3483,133
189682784.277133,nan,57,22,8.15933,133
189783515.498233,nan,57,22,6.14456,133
189884246.719334,nan,57,22,5.06488,133
189984977.940434,nan,57.9424,22.9424,4.05756,133
190085709.161535,nan,58,23,3.05069,133
190186440.382635,nan,58,23,3,133
190287171.603736,nan,62.8205,23.9641,3,133
190387902.824836,nan,75.6298,28.8576,3,133
190488634.045936,nan,87.7473,34.8736,3.97894,133
190589365.267037,nan,98.8481,39.931,4.98619,133
190690096.488137,nan,108,45,7,133
190790827.709238,nan,116,50,9,133
190891558.930338,nan,124,54,10,133
190992290.151439,nan,130.091,58.0457,12.0305,133
191093021.372539,nan,136.136,61.0906,14.0453,133
191193752.593640,nan,142.18,65.0899,16.0599,133
191294483.814740,nan,148.187,68.1123,18.0749,133
191395215.035840,nan,153.177,71.0886,20.0886,133
191495946.256941,nan,157.155,73.1034,22.1034,133
191596677.478041,nan,160.059,75.0591,24.0591,133
191697408.699142,nan,161.066,76.0664,25.0664,133
191798139.920242,nan,162.074,77,26.0738,133
191898871.141343,nan,163,77.0813,27.0813,133
191999602.362443,nan,163.089,78,28,133
192100333.583544,nan,164,78,28.0955,133
192201064.804644,nan,164.103,78.1028,29,133
192301796.025745,nan,165,79,29.1102,133
192402527.246845,nan,165,79,30,133
192503258.467945,nan,165,79,30,133
192603989.689046,nan,165,79,30,133
192704720.910146,nan,165,79,30,133
192805452.131247,nan,165,79,30.1465,133
192906183.352347,nan,165,79,31,133
193006914.573448,nan,165.161,79.1614,31,133
193107645.794548,nan,166,80,31,133
193208377.015649,nan,166,80,31,133
193309108.236749,nan,166,80,31,133
193409839.457850,nan,166,80,31,133
193510570.678950,nan,166,80,31,133
193611301.900050,nan,166,80,31,133
193712033.121151,nan,166,80,31,133
193812764.342251,nan,166,80,31,133
193913495.563352,nan,166,80,31,133
194014226.784452,nan,166,80,31,133
194114958.005553,nan,166,80,31,133
194215689.226653,nan,166,80,31,133
194316420.447754,nan,166,80,31,133
194417151.668854,nan,166,80,31,133
194517882.889955,nan,166,80,31,133
194618614.111055,nan,166,80,31,133
194719345.332155,nan,166,80,31,133
194820076.553256,nan,166,80,31,133
194920807.774356,nan,166,80,31,133
195021538.995457,nan,166,80,31,133
195122270.216557,nan,166,80,31,133
195223001.437658,nan,166,80,31,133
195323732.658758,nan,166,80,31,133
195424463.879859,nan,166,80,31,133
195525195.100959,nan,166,80,31,133
195625926.322060,nan,166,80,31,133
195726657.543160,nan,166,80,31,133
195827388.764260,nan,166,80,31,133
195928119.985361,nan,166,80,31,133
196028851.206461,nan,166,80,31,133
196129582.427562,nan,166,80,31,133
196230313.648662,nan,166,80,31,133
196331044.869763,nan,166,80,31,133
196431776.090863,nan,166,80,31,133
196532507.311964,nan,166,80,31,133
196633238.533064,nan,166,80,31,133
196733969.754165,nan,166,80,31,133
196834700.975265,nan,166,80,31,133
196935432.196365,nan,166,80,31,133
197036163.417466,nan,166,80,31,133
197136894.638566,nan,166,80,31,133
197237625.859667,nan,166,80,31,133
197338357.080767,nan,166,80,31,133
197439088.301868,nan,166,80,31,133
197539819.522968,nan,166,80,31,133
197640550.744069,nan,166,80,31,133
197741281.965169,nan,166,80,31,133
197842013.186270,nan,166,80,31,133
197942744.407370,nan,166,80,31,133
198043475.628470,nan,166,80,31,133
198144206.849571,nan,166,80,31,133
198244938.070671,nan,166,80,31,133
198345669.291772,nan,166,80,31,133
198446400.512872,nan,166,80,31,133
198547131.733973,nan,166,80,31,133
198647862.955073,nan,166,80,31,133
198748594.176174,nan,166,80,31,133
198849325.397274,nan,166,80,31,133
198950056.618375,nan,166,80,31,133
199050787.839475,nan,165.4,79.4003,31,133
199151519.060575,nan,165,79.607,31,133
199252250.281676,nan,165.614,80,31,133
199352981.502776,nan,166,80,31,133
199453712.723877,nan,166,80,31,133
199554443.944977,nan,166,80,31,133
199655175.166078,nan,166,80,31,133
199755906.387178,nan,166,80,31,133
199856637.608279,nan,166,80,31,133
199957368.829379,nan,166,80,31,133
200058100.050480,nan,166,80,31,133
200158831.271580,nan,166,80,31,133
200259562.492680,nan,166,80,31,133
200360293.713781,nan,166,80,31,133
200461024.934881,nan,166,80,31,133
200561756.155982,nan,166,80,31,133
200662487.377082,nan,166,80,31,133
200763218.598183,nan,166,80,31,133
200863949.819283,nan,166,80,31,133
200964681.040384,nan,166,80,31,133
201065412.261484,nan,166,80,31,133
201166143.482585,nan,166,80,31,133
201266874.703685,nan,166,80,31,133
201367605.924785,nan,166,80,31,133
201468337.145886,nan,166,80,31,133
201569068.366986,nan,166,80,31,133
201669799.588087,nan,166,80,31,133
201770530.809187,nan,166,80,31,133
201871262.030288,nan,166,80,31,133
201971993.251388,nan,166,80,31,133
202072724.472489,nan,166,80,31,133
202173455.693589,nan,166,80,31,133
202274186.914690,nan,166,80,31,133
202374918.135790,nan,166,80,31,133
202475649.356890,nan,166,80,31,133
202576380.577991,nan,166,80,31,133
202677111.799091,nan,166,80,31,133
202777843.020192,nan,166,80,31,133
202878574.241292,nan,166,80,31,133
202979305.462393,nan,166,80,31,133
203080036.683493,nan,166,80,31,133
203180767.904594,nan,166,80,31,133
203281499.125694,nan,166,80,31,133
203382230.346795,nan,166,80,31,133
203482961.567895,nan,166,80,31,133
203583692.788995,nan,166,80,31,133
203684424.010096,nan,166,80,31,133
203785155.231196,nan,166,80,31,133
203885886.452297,nan,166,80,31,133
203986617.673397,nan,166,80,31,133
204087348.894498,nan,166,80,31,133
204188080.115598,nan,166,80,31,133
204288811.336699,nan,166,80,31,133
204389542.557799,nan,166,80,31,133
