Time Stamp,ID,Extended,Dir,Bus,LEN,D1,D2,D3,D4,D5,D6,D7,D8
57093571,000004DE,false,Tx,0,8,00,00,00,00,00,00,00,00,
57209052,000004DE,false,Tx,0,8,00,00,00,00,00,00,00,00,
57316287,000004DE,false,Tx,0,8,00,00,00,00,00,00,00,00,
57427957,000004DE,false,Tx,0,8,00,00,00,00,00,00,00,00,
57530884,000004DE,false,Tx,0,8,00,00,00,00,00,00,00,00,
57635112,000004DE,false,Tx,0,8,00,00,00,00,00,00,00,00,
57755010,000004DE,false,Tx,0,8,00,00,00,00,00,00,00,00,
57866405,000004DE,false,Tx,0,8,00,00,00,00,00,00,00,00,
57972695,000004DE,false,Tx,0,8,00,00,00,00,00,00,00,00,
58087520,000004DE,false,Tx,0,8,00,00,00,00,00,00,00,00,
58211571,000004DE,false,Tx,0,8,00,00,00,00,00,00,00,00,
58303745,000004DE,false,Tx,0,8,00,00,00,00,00,00,00,00,
58409453,000004DE,false,Tx,0,8,00,00,00,00,00,00,00,00,
58510501,000004DE,false,Tx,0,8,00,00,00,00,00,00,00,00,
58625606,000004DE,false,Tx,0,8,00,00,00,00,00,00,00,00,
58729367,000004DE,false,Tx,0,8,00,00,00,00,00,00,00,00,
58842377,000004DE,false,Tx,0,8,00,00,00,00,00,00,00,00,
58966914,000004DE,false,Tx,0,8,00,00,00,00,00,00,00,00,
59063415,000004DE,false,Tx,0,8,00,00,00,00,00,00,00,00,
59178631,000004DE,false,Tx,0,8,00,00,00,00,00,00,00,00,
59276603,000004DE,false,Tx,0,8,00,00,00,00,00,00,00,00,
59388842,000004DE,false,Tx,0,8,00,00,00,00,00,00,00,00,
59493888,000004DE,false,Tx,0,8,00,00,00,00,00,00,00,00,
59609662,000004DE,false,Tx,0,8,00,00,00,00,00,00,00,00,
59726768,000004DE,false,Tx,0,8,00,00,00,00,00,00,00,00,
59835643,000004DE,false,Tx,0,8,00,00,00,00,00,00,00,00,
59966499,000004DE,false,Tx,0,8,00,00,00,00,00,00,00,00,
60051950,000004DE,false,Tx,0,8,00,00,00,00,00,00,00,00,
60179147,000004DE,false,Tx,0,8,00,00,00,00,00,00,00,00,
60290499,000004DE,false,Tx,0,8,00,00,00,00,00,00,00,00,
60390889,000004DE,false,Tx,0,8,00,00,00,00,00,00,00,00,
60501076,000004DE,false,Tx,0,8,00,00,00,00,00,00,00,00,
60617624,000004DE,false,Tx,0,8,00,00,00,00,00,00,00,00,
60716885,000004DE,false,Tx,0,8,00,00,00,00,00,00,00,00,
60847006,000004DE,false,Tx,0,8,00,00,00,00,00,00,00,00,
60967515,000004DE,false,Tx,0,8,00,00,00,00,00,00,00,00,
61076143,000004DE,false,Tx,0,8,00,00,00,00,00,00,00,00,
61181524,000004DE,false,Tx,0,8,00,00,00,00,00,00,00,00,
61291994,000004DE,false,Tx,0,8,00,00,00,00,00,00,00,00,
61391818,000004DE,false,Tx,0,8,00,00,00,00,00,00,00,00,
61495669,000004DE,false,Tx,0,8,00,00,00,00,00,00,00,00,
61610367,000004DE,false,Tx,0,8,00,00,00,00,00,00,00,00,
61722746,000004DE,false,Tx,0,8,00,00,00,00,00,00,00,00,
61839621,000004DE,false,Tx,0,8,00,00,00,00,00,00,00,00,
61964941,000004DE,false,Tx,0,8,00,00,00,00,00,00,00,00,
62048572,000004DE,false,Tx,0,8,00,00,00,00,00,00,00,00,
62155755,000004DE,false,Tx,0,8,00,00,00,00,00,00,00,00,
4357101820,000004E4,false,Rx,0,8,00,00,85,00,00,00,00,00,
4357202566,000004E4,false,Rx,0,8,00,00,85,00,00,00,00,00,
62271815,000004DE,false,Tx,0,8,00,00,00,00,00,00,00,00,
4357302555,000004E4,false,Rx,0,8,00,00,85,00,00,00,00,00,
62387188,000004DE,false,Tx,0,8,00,00,00,00,00,00,00,00,
4357402549,000004E4,false,Rx,0,8,00,00,85,00,00,00,00,00,
62487995,000004DE,false,Tx,0,8,00,00,00,00,00,00,00,00,
4357502544,000004E4,false,Rx,0,8,00,00,85,00,00,00,00,00,
62601680,000004DE,false,Tx,0,8,00,00,00,00,00,00,00,00,
4357602555,000004E4,false,Rx,0,8,00,00,85,00,00,00,00,00,
62720131,000004DE,false,Tx,0,8,00,00,00,00,00,00,00,00,
4357702556,000004E4,false,Rx,0,8,00,00,85,00,00,00,00,00,
62824428,000004DE,false,Tx,0,8,00,00,00,00,00,00,00,00,
4357802556,000004E4,false,Rx,0,8,00,00,85,00,00,00,00,00,
62939996,000004DE,false,Tx,0,8,00,00,00,00,00,00,00,00,
4357902570,000004E4,false,Rx,0,8,00,00,85,00,00,00,00,00,
63042291,000004DE,false,Tx,0,8,00,00,00,00,00,00,00,00,
4358002571,000004E4,false,Rx,0,8,00,00,85,00,00,00,00,00,
63141938,000004DE,false,Tx,0,8,00,00,00,00,00,00,00,00,
4358102562,000004E4,false,Rx,0,8,00,00,85,00,00,00,00,00,
4358202563,000004E4,false,Rx,0,8,00,00,85,00,00,00,00,00,
63264157,000004DE,false,Tx,0,8,00,00,00,00,00,00,00,00,
4358302564,000004E4,false,Rx,0,8,00,00,85,00,00,00,00,00,
63381387,000004DE,false,Tx,0,8,00,00,00,00,00,00,00,00,
4358402565,000004E4,false,Rx,0,8,00,00,85,00,00,00,00,00,
63492614,000004DE,false,Tx,0,8,00,00,00,00,00,00,00,00,
4358502585,000004E4,false,Rx,0,8,00,00,85,00,00,00,00,00,
63603804,000004DE,false,Tx,0,8,00,00,00,00,00,00,00,00,
4358602586,000004E4,false,Rx,0,8,00,00,85,00,00,00,00,00,
63723788,000004DE,false,Tx,0,8,00,00,00,00,00,00,00,00,
4358702576,000004E4,false,Rx,0,8,00,00,85,00,00,00,00,00,
63818538,000004DE,false,Tx,0,8,00,00,00,00,00,00,00,00,
4358802576,000004E4,false,Rx,0,8,00,00,85,00,00,00,00,00,
63935877,000004DE,false,Tx,0,8,00,00,00,00,00,00,00,00,
4358902575,000004E4,false,Rx,0,8,00,00,85,00,00,00,00,00,
64044734,000004DE,false,Tx,0,8,00,00,00,00,00,00,00,00,
4359002576,000004E4,false,Rx,0,8,00,00,85,00,00,00,00,00,
64156832,000004DE,false,Tx,0,8,00,00,00,00,00,00,00,00,
4359102576,000004E4,false,Rx,0,8,00,00,85,00,00,00,00,00,
4359202597,000004E4,false,Rx,0,8,00,00,85,00,00,00,00,00,
64272085,000004DE,false,Tx,0,8,00,00,00,00,00,00,00,00,
4359302597,000004E4,false,Rx,0,8,00,00,85,00,00,00,00,00,
64383100,000004DE,false,Tx,0,8,00,00,00,00,00,00,00,00,
4359402590,000004E4,false,Rx,0,8,00,00,85,00,00,00,00,00,
64476977,000004DE,false,Tx,0,8,00,00,00,00,00,00,00,00,
4359502586,000004E4,false,Rx,0,8,00,00,85,00,00,00,00,00,
64599853,000004DE,false,Tx,0,8,00,00,00,00,00,00,00,00,
4359602586,000004E4,false,Rx,0,8,00,00,85,00,00,00,00,00,
64718858,000004DE,false,Tx,0,8,00,00,00,00,00,00,00,00,
4359702586,000004E4,false,Rx,0,8,00,00,85,00,00,00,00,00,
64809728,000004DE,false,Tx,0,8,00,00,00,00,00,00,00,00,
4359802607,000004E4,false,Rx,0,8,00,00,85,00,00,00,00,00,
64938991,000004DE,false,Tx,0,8,00,00,00,00,00,00,00,00,
4359902611,000004E4,false,Rx,0,8,00,00,85,00,00,00,00,00,
65043093,000004DE,false,Tx,0,8,00,00,00,00,00,00,00,00,
4360002602,000004E4,false,Rx,0,8,00,00,85,00,00,00,00,00,
65143920,000004DE,false,Tx,0,8,00,00,00,00,00,00,00,00,
4360102593,000004E4,false,Rx,0,8,00,00,85,00,00,00,00,00,
65250629,000004DE,false,Tx,0,8,00,00,00,00,00,00,00,00,
4360202592,000004E4,false,Rx,0,8,00,00,85,00,00,00,00,00,
65357353,000004DE,false,Tx,0,8,00,00,00,00,00,00,00,00,
4360302593,000004E4,false,Rx,0,8,00,00,85,00,00,00,00,00,
4360402596,000004E4,false,Rx,0,8,00,00,85,00,00,00,00,00,
65465932,000004DE,false,Tx,0,8,00,00,00,00,00,00,00,00,
4360502618,000004E4,false,Rx,0,8,00,00,85,00,00,00,00,00,
65583311,000004DE,false,Tx,0,8,00,00,00,00,00,00,00,00,
4360602618,000004E4,false,Rx,0,8,00,00,85,00,00,00,00,00,
65702292,000004DE,false,Tx,0,8,00,00,00,00,00,00,00,00,
4360702607,000004E4,false,Rx,0,8,00,00,85,00,00,00,00,00,
65801755,000004DE,false,Tx,0,8,00,00,00,00,00,00,00,00,
4360802607,000004E4,false,Rx,0,8,00,00,85,00,00,00,00,00,
65936137,000004DE,false,Tx,0,8,00,00,00,00,00,00,00,00,
4360902611,000004E4,false,Rx,0,8,00,00,85,00,00,00,00,00,
66024211,000004DE,false,Tx,0,8,00,00,00,00,00,00,00,00,
4361002606,000004E4,false,Rx,0,8,00,00,85,00,00,00,00,00,
66145845,000004DE,false,Tx,0,8,00,00,00,00,00,00,00,00,
4361102637,000004E4,false,Rx,0,8,00,00,85,00,00,00,00,00,
66259175,000004DE,false,Tx,0,8,00,00,00,00,00,00,00,00,
4361202627,000004E4,false,Rx,0,8,00,00,85,00,00,00,00,00,
4361302617,000004E4,false,Rx,0,8,00,00,85,00,00,00,00,00,
66365806,000004DE,false,Tx,0,8,00,00,00,00,00,00,00,00,
4361402616,000004E4,false,Rx,0,8,00,00,85,00,00,00,00,00,
66469815,000004DE,false,Tx,0,8,00,00,00,00,00,00,00,00,
4361502617,000004E4,false,Rx,0,8,00,00,85,00,00,00,00,00,
66587889,000004DE,false,Tx,0,8,00,00,00,00,00,00,00,00,
4361602618,000004E4,false,Rx,0,8,00,00,85,00,00,00,00,00,
66711770,000004DE,false,Tx,0,8,00,00,00,00,00,00,00,00,
4361702617,000004E4,false,Rx,0,8,00,00,85,00,00,00,00,00,
66812247,000004DE,false,Tx,0,8,00,00,00,00,00,00,00,00,
4361802648,000004E4,false,Rx,0,8,00,00,85,00,00,00,00,00,
66916752,000004DE,false,Tx,0,8,00,00,00,00,00,00,00,00,
4361902639,000004E4,false,Rx,0,8,00,00,85,00,00,00,00,00,
67012958,000004DE,false,Tx,0,8,00,00,00,00,00,00,00,00,
4362002628,000004E4,false,Rx,0,8,00,00,85,00,00,00,00,00,
67132690,000004DE,false,Tx,0,8,00,00,00,00,00,00,00,00,
4362102628,000004E4,false,Rx,0,8,00,00,85,00,00,00,00,00,
67233423,000004DE,false,Tx,0,8,00,00,00,00,00,00,00,00,
4362202628,000004E4,false,Rx,0,8,00,00,85,00,00,00,00,00,
67357191,000004DE,false,Tx,0,8,00,00,00,00,00,00,00,00,
4362302627,000004E4,false,Rx,0,8,00,00,85,00,00,00,00,00,
4362402653,000004E4,false,Rx,0,8,00,00,85,00,00,00,00,00,
67465622,000004DE,false,Tx,0,8,00,00,00,00,00,00,00,00,
4362502655,000004E4,false,Rx,0,8,00,00,85,00,00,00,00,00,
67566183,000004DE,false,Tx,0,8,00,00,00,00,00,00,00,00,
4362602644,000004E4,false,Rx,0,8,00,00,85,00,00,00,00,00,
67690622,000004DE,false,Tx,0,8,00,00,00,00,00,00,00,00,
4362702644,000004E4,false,Rx,0,8,00,00,85,00,00,00,00,00,
67780788,000004DE,false,Tx,0,8,00,00,00,00,00,00,00,00,
4362802644,000004E4,false,Rx,0,8,00,00,85,00,00,00,00,00,
67905164,000004DE,false,Tx,0,8,00,00,00,00,00,00,00,00,
4362902637,000004E4,false,Rx,0,8,00,00,85,00,00,00,00,00,
67999441,000004DE,false,Tx,0,8,00,00,00,00,00,00,00,00,
4363002646,000004E4,false,Rx,0,8,00,00,85,00,00,00,00,00,
68118869,000004DE,false,Tx,0,8,00,00,00,00,00,00,00,00,
4363102665,000004E4,false,Rx,0,8,00,00,85,00,00,00,00,00,
68220000,000004DE,false,Tx,0,8,00,00,00,00,00,00,00,00,
4363202665,000004E4,false,Rx,0,8,00,00,85,00,00,00,00,00,
68321635,000004DE,false,Tx,0,8,00,00,00,00,00,00,00,00,
4363302656,000004E4,false,Rx,0,8,00,00,85,00,00,00,00,00,
68436942,000004DE,false,Tx,0,8,00,00,00,00,00,00,00,00,
4363402648,000004E4,false,Rx,0,8,00,00,85,00,00,00,00,00,
68554424,000004DE,false,Tx,0,8,00,00,00,00,00,00,00,00,
4363502648,000004E4,false,Rx,0,8,00,00,85,00,00,00,00,00,
4363602659,000004E4,false,Rx,0,8,00,00,85,00,00,00,00,00,
68668204,000004DE,false,Tx,0,8,00,00,00,00,00,00,00,00,
4363702657,000004E4,false,Rx,0,8,00,00,85,00,00,00,00,00,
68768937,000004DE,false,Tx,0,8,00,00,00,00,00,00,00,00,
4363802679,000004E4,false,Rx,0,8,00,00,85,00,00,00,00,00,
68885378,000004DE,false,Tx,0,8,00,00,00,00,00,00,00,00,
4363902669,000004E4,false,Rx,0,8,00,00,85,00,00,00,00,00,
68994995,000004DE,false,Tx,0,8,00,00,00,00,00,00,00,00,
4364002658,000004E4,false,Rx,0,8,00,00,85,00,00,00,00,00,
69117910,000004DE,false,Tx,0,8,00,00,00,00,00,00,00,00,
4364102658,000004E4,false,Rx,0,8,00,00,85,00,00,00,00,00,
69197487,000004DE,false,Tx,0,8,00,00,00,00,00,00,00,00,
4364202669,000004E4,false,Rx,0,8,00,00,85,00,00,00,00,00,
69311043,000004DE,false,Tx,0,8,00,00,00,00,00,00,00,00,
4364302670,000004E4,false,Rx,0,8,00,00,85,00,00,00,00,00,
69424522,000004DE,false,Tx,0,8,00,00,00,00,00,00,00,00,
4364402690,000004E4,false,Rx,0,8,00,00,85,00,00,00,00,00,
69527766,000004DE,false,Tx,0,8,00,00,00,00,00,00,00,00,
4364502690,000004E4,false,Rx,0,8,00,00,85,00,00,00,00,00,
69641517,000004DE,false,Tx,0,8,00,00,00,00,00,00,00,00,
4364602679,000004E4,false,Rx,0,8,00,00,85,00,00,00,00,00,
69746129,000004DE,false,Tx,0,8,00,00,00,00,00,00,00,00,
4364702668,000004E4,false,Rx,0,8,00,00,85,00,00,00,00,00,
69857855,000004DE,false,Tx,0,8,00,00,00,00,00,00,00,00,
4364802669,000004E4,false,Rx,0,8,00,00,85,00,00,00,00,00,
4364902674,000004E4,false,Rx,0,8,00,00,85,00,00,00,00,00,
69965892,000004DE,false,Tx,0,8,00,00,00,00,00,00,00,00,
4365002675,000004E4,false,Rx,0,8,00,00,85,00,00,00,00,00,
70085577,000004DE,false,Tx,0,8,00,00,00,00,00,00,00,00,
4365102696,000004E4,false,Rx,0,8,00,00,85,00,00,00,00,00,
70255725,000004DE,false,Tx,0,8,00,00,00,00,00,00,00,00,
4365202695,000004E4,false,Rx,0,8,00,00,85,00,00,00,00,00,
70296308,000004DE,false,Tx,0,8,00,00,00,00,00,00,00,00,
4365302686,000004E4,false,Rx,0,8,00,00,85,00,00,00,00,00,
70399257,000004DE,false,Tx,0,8,00,00,00,00,00,00,00,00,
4365402679,000004E4,false,Rx,0,8,00,00,85,00,00,00,00,00,
70515916,000004DE,false,Tx,0,8,00,00,00,00,00,00,00,00,
4365502690,000004E4,false,Rx,0,8,00,00,85,00,00,00,00,00,
70629561,000004DE,false,Tx,0,8,00,00,00,00,00,00,00,00,
4365602689,000004E4,false,Rx,0,8,00,00,85,00,00,00,00,00,
70734692,000004DE,false,Tx,0,8,00,00,00,00,00,00,00,00,
4365702711,000004E4,false,Rx,0,8,00,00,85,00,00,00,00,00,
70849452,000004DE,false,Tx,0,8,00,00,00,00,00,00,00,00,
4365802711,000004E4,false,Rx,0,8,00,00,85,00,00,00,00,00,
4365902695,000004E4,false,Rx,0,8,00,00,85,00,00,00,00,00,
70967959,000004DE,false,Tx,0,8,00,00,00,00,00,00,00,00,
4366002698,000004E4,false,Rx,0,8,00,00,85,00,00,00,00,00,
71070762,000004DE,false,Tx,0,8,00,00,00,00,00,00,00,00,
4366102699,000004E4,false,Rx,0,8,00,00,85,00,00,00,00,00,
71189330,000004DE,false,Tx,0,8,00,00,00,00,00,00,00,00,
4366202701,000004E4,false,Rx,0,8,00,00,85,00,00,00,00,00,
71283308,000004DE,false,Tx,0,8,00,00,00,00,00,00,00,00,
4366302701,000004E4,false,Rx,0,8,00,00,85,00,00,00,00,00,
71395748,000004DE,false,Tx,0,8,00,00,00,00,00,00,00,00,
4366402724,000004E4,false,Rx,0,8,00,00,85,00,00,00,00,00,
71511548,000004DE,false,Tx,0,8,00,00,00,00,00,00,00,00,
4366502721,000004E4,false,Rx,0,8,00,00,85,00,00,00,00,00,
71606282,000004DE,false,Tx,0,8,00,00,00,00,00,00,00,00,
4366602710,000004E4,false,Rx,0,8,00,00,85,00,00,00,00,00,
71733467,000004DE,false,Tx,0,8,00,00,00,00,00,00,00,00,
4366702701,000004E4,false,Rx,0,8,00,00,85,00,00,00,00,00,
71858543,000004DE,false,Tx,0,8,00,00,00,00,00,00,00,00,
4366802710,000004E4,false,Rx,0,8,00,00,85,00,00,00,00,00,
4366902710,000004E4,false,Rx,0,8,00,00,85,00,00,00,00,00,
71981169,000004DE,false,Tx,0,8,00,00,00,00,00,00,00,00,
72057041,000004DE,false,Tx,0,8,00,00,00,00,00,00,00,00,
4367002730,000004E4,false,Rx,0,8,00,00,85,00,00,00,00,00,
4367102730,000004E4,false,Rx,0,8,00,00,85,00,00,00,00,00,
72169722,000004DE,false,Tx,0,8,00,00,00,00,00,00,00,00,
4367202721,000004E4,false,Rx,0,8,00,00,85,00,00,00,00,00,
72277569,000004DE,false,Tx,0,8,00,00,00,00,00,00,00,00,
4367302721,000004E4,false,Rx,0,8,00,00,85,00,00,00,00,00,
72388842,000004DE,false,Tx,0,8,00,00,00,00,00,00,00,00,
4367402721,000004E4,false,Rx,0,8,00,00,85,00,00,00,00,00,
72505462,000004DE,false,Tx,0,8,00,00,00,00,00,00,00,00,
4367502721,000004E4,false,Rx,0,8,00,00,85,00,00,00,00,00,
72641379,000004DE,false,Tx,0,8,00,00,00,00,00,00,00,00,
4367602721,000004E4,false,Rx,0,8,00,00,85,00,00,00,00,00,
72718893,000004DE,false,Tx,0,8,00,00,00,00,00,00,00,00,
4367702742,000004E4,false,Rx,0,8,00,00,85,00,00,00,00,00,
72827728,000004DE,false,Tx,0,8,00,00,00,00,00,00,00,00,
4367802742,000004E4,false,Rx,0,8,00,00,85,00,00,00,00,00,
72933101,000004DE,false,Tx,0,8,00,00,00,00,00,00,00,00,
4367902731,000004E4,false,Rx,0,8,00,00,85,00,00,00,00,00,
73040832,000004DE,false,Tx,0,8,00,00,00,00,00,00,00,00,
4368002731,000004E4,false,Rx,0,8,00,00,85,00,00,00,00,00,
73160564,000004DE,false,Tx,0,8,00,00,00,00,00,00,00,00,
4368102732,000004E4,false,Rx,0,8,00,00,85,00,00,00,00,00,
4368202731,000004E4,false,Rx,0,8,00,00,85,00,00,00,00,00,
73264819,000004DE,false,Tx,0,8,00,00,00,00,00,00,00,00,
4368302752,000004E4,false,Rx,0,8,00,00,85,00,00,00,00,00,
73386619,000004DE,false,Tx,0,8,00,00,00,00,00,00,00,00,
4368402752,000004E4,false,Rx,0,8,00,00,85,00,00,00,00,00,
73485502,000004DE,false,Tx,0,8,00,00,00,00,00,00,00,00,
4368502751,000004E4,false,Rx,0,8,00,00,85,00,00,00,00,00,
73589316,000004DE,false,Tx,0,8,00,00,00,00,00,00,00,00,
4368602742,000004E4,false,Rx,0,8,00,00,85,00,00,00,00,00,
73706957,000004DE,false,Tx,0,8,00,00,00,00,00,00,00,00,
4368702742,000004E4,false,Rx,0,8,00,00,85,00,00,00,00,00,
73813123,000004DE,false,Tx,0,8,00,00,00,00,00,00,00,00,
4368802742,000004E4,false,Rx,0,8,00,00,85,00,00,00,00,00,
73925784,000004DE,false,Tx,0,8,00,00,00,00,00,00,00,00,
4368902742,000004E4,false,Rx,0,8,00,00,85,00,00,00,00,00,
74046002,000004DE,false,Tx,0,8,00,00,00,00,00,00,00,00,
4369002772,000004E4,false,Rx,0,8,00,00,85,00,00,00,00,00,
74144793,000004DE,false,Tx,0,8,00,00,00,00,00,00,00,00,
4369102763,000004E4,false,Rx,0,8,00,00,85,00,00,00,00,00,
74253728,000004DE,false,Tx,0,8,00,00,00,00,00,00,00,00,
4369202752,000004E4,false,Rx,0,8,00,00,85,00,00,00,00,00,
4369302752,000004E4,false,Rx,0,8,00,00,85,00,00,00,00,00,
74368808,000004DE,false,Tx,0,8,00,00,00,00,00,00,00,00,
4369402755,000004E4,false,Rx,0,8,00,00,85,00,00,00,00,00,
74471438,000004DE,false,Tx,0,8,00,00,00,00,00,00,00,00,
4369502751,000004E4,false,Rx,0,8,00,00,85,00,00,00,00,00,
74592672,000004DE,false,Tx,0,8,00,00,00,00,00,00,00,00,
4369602783,000004E4,false,Rx,0,8,00,00,85,00,00,00,00,00,
74693195,000004DE,false,Tx,0,8,00,00,00,00,00,00,00,00,
4369702783,000004E4,false,Rx,0,8,00,00,85,00,00,00,00,00,
74814433,000004DE,false,Tx,0,8,00,00,00,00,00,00,00,00,
4369802772,000004E4,false,Rx,0,8,00,00,85,00,00,00,00,00,
74950041,000004DE,false,Tx,0,8,00,00,00,00,00,00,00,00,
4369902766,000004E4,false,Rx,0,8,00,00,85,00,00,00,00,00,
75024179,000004DE,false,Tx,0,8,00,00,00,00,00,00,00,00,
4370002768,000004E4,false,Rx,0,8,00,00,85,00,00,00,00,00,
75151537,000004DE,false,Tx,0,8,00,00,00,00,00,00,00,00,
4370102768,000004E4,false,Rx,0,8,00,00,85,00,00,00,00,00,
75256769,000004DE,false,Tx,0,8,00,00,00,00,00,00,00,00,
4370202768,000004E4,false,Rx,0,8,00,00,85,00,00,00,00,00,
4370302792,000004E4,false,Rx,0,8,00,00,85,00,00,00,00,00,
75363564,000004DE,false,Tx,0,8,00,00,00,00,00,00,00,00,
4370402794,000004E4,false,Rx,0,8,00,00,85,00,00,00,00,00,
75471483,000004DE,false,Tx,0,8,00,00,00,00,00,00,00,00,
4370502783,000004E4,false,Rx,0,8,00,00,85,00,00,00,00,00,
75578319,000004DE,false,Tx,0,8,00,00,00,00,00,00,00,00,
4370602772,000004E4,false,Rx,0,8,00,00,85,00,00,00,00,00,
75697641,000004DE,false,Tx,0,8,00,00,00,00,00,00,00,00,
4370702773,000004E4,false,Rx,0,8,00,00,85,00,00,00,00,00,
75801020,000004DE,false,Tx,0,8,00,00,00,00,00,00,00,00,
4370802783,000004E4,false,Rx,0,8,00,00,85,00,00,00,00,00,
75916975,000004DE,false,Tx,0,8,00,00,00,00,00,00,00,00,
4370902782,000004E4,false,Rx,0,8,00,00,85,00,00,00,00,00,
76015658,000004DE,false,Tx,0,8,00,00,00,00,00,00,00,00,
4371002805,000004E4,false,Rx,0,8,00,00,85,00,00,00,00,00,
76133483,000004DE,false,Tx,0,8,00,00,00,00,00,00,00,00,
4371102795,000004E4,false,Rx,0,8,00,00,85,00,00,00,00,00,
76231374,000004DE,false,Tx,0,8,00,00,00,00,00,00,00,00,
4371202783,000004E4,false,Rx,0,8,00,00,85,00,00,00,00,00,
76346512,000004DE,false,Tx,0,8,00,00,00,00,00,00,00,00,
4371302782,000004E4,false,Rx,0,8,00,00,85,00,00,00,00,00,
4371402795,000004E4,false,Rx,0,8,00,00,85,00,00,00,00,00,
76479286,000004DE,false,Tx,0,8,00,00,00,00,00,00,00,00,
4371502795,000004E4,false,Rx,0,8,00,00,85,00,00,00,00,00,
76571659,000004DE,false,Tx,0,8,00,00,00,00,00,00,00,00,
4371602815,000004E4,false,Rx,0,8,00,00,85,00,00,00,00,00,
76697635,000004DE,false,Tx,0,8,00,00,00,00,00,00,00,00,
4371702815,000004E4,false,Rx,0,8,00,00,85,00,00,00,00,00,
76779293,000004DE,false,Tx,0,8,00,00,00,00,00,00,00,00,
4371802804,000004E4,false,Rx,0,8,00,00,85,00,00,00,00,00,
76891109,000004DE,false,Tx,0,8,00,00,00,00,00,00,00,00,
4371902799,000004E4,false,Rx,0,8,00,00,85,00,00,00,00,00,
77019537,000004DE,false,Tx,0,8,00,00,00,00,00,00,00,00,
4372002801,000004E4,false,Rx,0,8,00,00,85,00,00,00,00,00,
77135409,000004DE,false,Tx,0,8,00,00,00,00,00,00,00,00,
4372102800,000004E4,false,Rx,0,8,00,00,85,00,00,00,00,00,
77242031,000004DE,false,Tx,0,8,00,00,00,00,00,00,00,00,
4372202800,000004E4,false,Rx,0,8,00,00,85,00,00,00,00,00,
4372302821,000004E4,false,Rx,0,8,00,00,85,00,00,00,00,00,
77367281,000004DE,false,Tx,0,8,00,00,00,00,00,00,00,00,
4372402815,000004E4,false,Rx,0,8,00,00,85,00,00,00,00,00,
77466888,000004DE,false,Tx,0,8,00,00,00,00,00,00,00,00,
4372502815,000004E4,false,Rx,0,8,00,00,85,00,00,00,00,00,
77584680,000004DE,false,Tx,0,8,40,00,00,00,00,00,00,00,
4372602815,000004E4,false,Rx,0,8,00,00,85,00,00,00,00,00,
77700748,000004DE,false,Tx,0,8,00,00,00,00,00,00,00,00,
4372702815,000004E4,false,Rx,0,8,00,00,85,00,00,00,00,00,
77817430,000004DE,false,Tx,0,8,40,00,00,00,00,00,00,00,
4372803085,000004E4,false,Rx,0,8,00,00,85,00,02,00,00,00,
77938918,000004DE,false,Tx,0,8,00,00,00,00,00,00,00,00,
4372902841,000004E4,false,Rx,0,8,00,03,85,00,05,00,00,00,
78036724,000004DE,false,Tx,0,8,00,00,00,00,00,00,00,00,
4373002831,000004E4,false,Rx,0,8,00,00,85,00,00,00,00,00,
78148382,000004DE,false,Tx,0,8,40,00,00,00,00,00,00,00,
4373102958,000004E4,false,Rx,0,8,00,00,85,00,00,00,00,00,
78250564,000004DE,false,Tx,0,8,40,00,00,00,00,00,00,00,
4373203063,000004E4,false,Rx,0,8,00,01,85,00,09,01,00,00,
4373303053,000004E4,false,Rx,0,8,00,08,85,00,0D,03,00,00,
78372614,000004DE,false,Tx,0,8,40,00,00,00,00,00,00,00,
4373403057,000004E4,false,Rx,0,8,00,0F,85,00,0F,04,00,00,
78466290,000004DE,false,Tx,0,8,40,00,00,00,00,00,00,00,
4373503041,000004E4,false,Rx,0,8,00,15,85,00,12,06,00,00,
78585074,000004DE,false,Tx,0,8,40,00,00,00,00,00,00,00,
4373603094,000004E4,false,Rx,0,8,00,1C,85,00,15,07,00,00,
78694917,000004DE,false,Tx,0,8,40,00,00,00,00,00,00,00,
4373703074,000004E4,false,Rx,0,8,00,23,85,00,18,09,00,00,
78804040,000004DE,false,Tx,0,8,40,00,00,00,00,00,00,00,
4373803074,000004E4,false,Rx,0,8,00,40,85,00,19,08,00,00,
78919208,000004DE,false,Tx,0,8,40,00,00,00,00,00,00,00,
4373903069,000004E4,false,Rx,0,8,00,42,85,00,19,05,00,00,
79017316,000004DE,false,Tx,0,8,40,00,00,00,00,00,00,00,
4374003224,000004E4,false,Rx,0,8,00,42,85,00,19,04,00,00,
79139541,000004DE,false,Tx,0,8,40,00,00,00,00,00,00,00,
4374103214,000004E4,false,Rx,0,8,00,42,85,00,19,03,00,00,
79248100,000004DE,false,Tx,0,8,40,00,00,00,00,00,00,00,
4374203271,000004E4,false,Rx,0,8,00,43,85,00,1A,02,00,00,
4374303260,000004E4,false,Rx,0,8,00,43,85,00,1A,01,00,00,
79371466,000004DE,false,Tx,0,8,40,00,00,00,00,00,00,00,
4374403253,000004E4,false,Rx,0,8,00,43,85,00,1A,01,00,00,
79471444,000004DE,false,Tx,0,8,40,00,00,00,00,00,00,00,
4374503251,000004E4,false,Rx,0,8,00,44,85,00,1B,01,00,00,
79579014,000004DE,false,Tx,0,8,40,00,00,00,00,00,00,00,
4374603240,000004E4,false,Rx,0,8,00,44,85,00,1B,00,00,00,
79687829,000004DE,false,Tx,0,8,40,00,00,00,00,00,00,00,
4374703240,000004E4,false,Rx,0,8,00,44,85,00,1B,00,00,00,
79806951,000004DE,false,Tx,0,8,40,00,00,00,00,00,00,00,
4374803229,000004E4,false,Rx,0,8,00,4E,85,00,1C,00,00,00,
79925773,000004DE,false,Tx,0,8,40,00,00,00,00,00,00,00,
4374903282,000004E4,false,Rx,0,8,00,51,85,00,1C,00,00,00,
80034991,000004DE,false,Tx,0,8,40,00,00,00,00,00,00,00,
4375003271,000004E4,false,Rx,0,8,00,52,85,00,1C,00,00,00,
80141214,000004DE,false,Tx,0,8,40,00,00,00,00,00,00,00,
4375103261,000004E4,false,Rx,0,8,00,52,85,00,1C,00,00,00,
4375203265,000004E4,false,Rx,0,8,00,52,85,00,1C,00,00,00,
80270246,000004DE,false,Tx,0,8,40,00,00,00,00,00,00,00,
4375303247,000004E4,false,Rx,0,8,00,53,85,00,1C,00,00,00,
80374824,000004DE,false,Tx,0,8,40,00,00,00,00,00,00,00,
4375403248,000004E4,false,Rx,0,8,00,54,85,00,1D,00,00,00,
80488518,000004DE,false,Tx,0,8,40,00,00,00,00,00,00,00,
4375503292,000004E4,false,Rx,0,8,00,55,85,00,1D,00,00,00,
80588685,000004DE,false,Tx,0,8,40,00,00,00,00,00,00,00,
4375603281,000004E4,false,Rx,0,8,00,55,85,00,1D,00,00,00,
80689277,000004DE,false,Tx,0,8,40,00,00,00,00,00,00,00,
4375703291,000004E4,false,Rx,0,8,00,56,85,00,1E,00,00,00,
80797847,000004DE,false,Tx,0,8,40,00,00,00,00,00,00,00,
4375803270,000004E4,false,Rx,0,8,00,56,85,00,1E,00,00,00,
80903964,000004DE,false,Tx,0,8,40,00,00,00,00,00,00,00,
4375903260,000004E4,false,Rx,0,8,00,57,85,00,1E,00,00,00,
81024379,000004DE,false,Tx,0,8,40,00,00,00,00,00,00,00,
4376003261,000004E4,false,Rx,0,8,00,57,85,00,1E,00,00,00,
81124575,000004DE,false,Tx,0,8,40,00,00,00,00,00,00,00,
4376103260,000004E4,false,Rx,0,8,00,57,85,00,1E,00,00,00,
81248368,000004DE,false,Tx,0,8,40,00,00,00,00,00,00,00,
4376203304,000004E4,false,Rx,0,8,00,58,85,00,1E,00,00,00,
81337965,000004DE,false,Tx,0,8,40,00,00,00,00,00,00,00,
4376303291,000004E4,false,Rx,0,8,00,59,85,00,1F,00,00,00,
81458466,000004DE,false,Tx,0,8,40,00,00,00,00,00,00,00,
4376403292,000004E4,false,Rx,0,8,00,5A,85,00,1F,00,00,00,
4376503281,000004E4,false,Rx,0,8,00,5B,85,00,1F,00,00,00,
81570017,000004DE,false,Tx,0,8,40,00,00,00,00,00,00,00,
4376603281,000004E4,false,Rx,0,8,00,5B,85,00,1F,00,00,00,
81673083,000004DE,false,Tx,0,8,40,00,00,00,00,00,00,00,
4376703270,000004E4,false,Rx,0,8,00,5C,85,00,20,00,00,00,
81789863,000004DE,false,Tx,0,8,40,00,00,00,00,00,00,00,
4376803311,000004E4,false,Rx,0,8,00,5C,85,00,20,00,00,00,
81894041,000004DE,false,Tx,0,8,40,00,00,00,00,00,00,00,
4376903313,000004E4,false,Rx,0,8,00,5D,85,00,20,00,00,00,
82021413,000004DE,false,Tx,0,8,40,00,00,00,00,00,00,00,
4377003302,000004E4,false,Rx,0,8,00,5E,85,00,20,00,00,00,
82108382,000004DE,false,Tx,0,8,40,00,00,00,00,00,00,00,
4377103302,000004E4,false,Rx,0,8,00,5F,85,00,21,00,00,00,
82247506,000004DE,false,Tx,0,8,40,00,00,00,00,00,00,00,
4377203295,000004E4,false,Rx,0,8,00,5F,85,00,21,00,00,00,
82327821,000004DE,false,Tx,0,8,40,00,00,00,00,00,00,00,
4377303286,000004E4,false,Rx,0,8,00,5F,85,00,21,00,00,00,
82447089,000004DE,false,Tx,0,8,40,00,00,00,00,00,00,00,
4377403279,000004E4,false,Rx,0,8,00,5F,85,00,21,00,00,00,
82552273,000004DE,false,Tx,0,8,40,00,00,00,00,00,00,00,
4377503331,000004E4,false,Rx,0,8,00,5F,85,00,21,00,00,00,
82663108,000004DE,false,Tx,0,8,40,00,00,00,00,00,00,00,
4377603321,000004E4,false,Rx,0,8,00,60,85,00,21,00,00,00,
4377703311,000004E4,false,Rx,0,8,00,60,85,00,21,00,00,00,
82776676,000004DE,false,Tx,0,8,40,00,00,00,00,00,00,00,
4377803312,000004E4,false,Rx,0,8,00,60,85,00,21,00,00,00,
82880644,000004DE,false,Tx,0,8,40,00,00,00,00,00,00,00,
4377903302,000004E4,false,Rx,0,8,00,61,85,00,21,00,00,00,
82994607,000004DE,false,Tx,0,8,40,00,00,00,00,00,00,00,
4378003291,000004E4,false,Rx,0,8,00,61,85,00,21,00,00,00,
83099957,000004DE,false,Tx,0,8,40,00,00,00,00,00,00,00,
4378103342,000004E4,false,Rx,0,8,00,61,85,00,21,00,00,00,
83197358,000004DE,false,Tx,0,8,40,00,00,00,00,00,00,00,
4378203332,000004E4,false,Rx,0,8,00,61,85,00,21,00,00,00,
83315777,000004DE,false,Tx,0,8,40,00,00,00,00,00,00,00,
4378303323,000004E4,false,Rx,0,8,00,60,85,00,21,00,00,00,
83427851,000004DE,false,Tx,0,8,40,00,00,00,00,00,00,00,
4378403333,000004E4,false,Rx,0,8,00,61,85,00,21,00,00,00,
83531413,000004DE,false,Tx,0,8,40,00,00,00,00,00,00,00,
4378503312,000004E4,false,Rx,0,8,00,61,85,00,22,00,00,00,
83645927,000004DE,false,Tx,0,8,40,00,00,00,00,00,00,00,
4378603302,000004E4,false,Rx,0,8,00,62,85,00,22,00,00,00,
4378703305,000004E4,false,Rx,0,8,00,62,85,00,22,00,00,00,
83786588,000004DE,false,Tx,0,8,40,00,00,00,00,00,00,00,
83852728,000004DE,false,Tx,0,8,40,00,00,00,00,00,00,00,
4378803353,000004E4,false,Rx,0,8,00,63,85,00,22,00,00,00,
4378903343,000004E4,false,Rx,0,8,00,64,85,00,22,00,00,00,
83984969,000004DE,false,Tx,0,8,40,00,00,00,00,00,00,00,
4379003343,000004E4,false,Rx,0,8,00,64,85,00,23,00,00,00,
84079033,000004DE,false,Tx,0,8,40,00,00,00,00,00,00,00,
4379103332,000004E4,false,Rx,0,8,00,64,85,00,23,00,00,00,
84192129,000004DE,false,Tx,0,8,40,00,00,00,00,00,00,00,
4379203322,000004E4,false,Rx,0,8,00,65,85,00,23,00,00,00,
84299421,000004DE,false,Tx,0,8,40,00,00,00,00,00,00,00,
4379303313,000004E4,false,Rx,0,8,00,65,85,00,23,00,00,00,
84409777,000004DE,false,Tx,0,8,40,00,00,00,00,00,00,00,
4379403302,000004E4,false,Rx,0,8,00,65,85,00,23,00,00,00,
84514718,000004DE,false,Tx,0,8,40,00,00,00,00,00,00,00,
4379503353,000004E4,false,Rx,0,8,00,66,85,00,23,00,00,00,
84627712,000004DE,false,Tx,0,8,40,00,00,00,00,00,00,00,
4379603353,000004E4,false,Rx,0,8,00,66,85,00,23,00,00,00,
84735084,000004DE,false,Tx,0,8,40,00,00,00,00,00,00,00,
4379703348,000004E4,false,Rx,0,8,00,66,85,00,23,00,00,00,
84846573,000004DE,false,Tx,0,8,40,00,00,00,00,00,00,00,
4379803341,000004E4,false,Rx,0,8,00,66,85,00,23,00,00,00,
84955165,000004DE,false,Tx,0,8,40,00,00,00,00,00,00,00,
4379903331,000004E4,false,Rx,0,8,00,66,85,00,23,00,00,00,
85058867,000004DE,false,Tx,0,8,40,00,00,00,00,00,00,00,
4380003320,000004E4,false,Rx,0,8,00,66,85,00,23,00,00,00,
4380103372,000004E4,false,Rx,0,8,00,66,85,00,23,00,00,00,
85171884,000004DE,false,Tx,0,8,40,00,00,00,00,00,00,00,
4380203374,000004E4,false,Rx,0,8,00,66,85,00,23,00,00,00,
85276044,000004DE,false,Tx,0,8,40,00,00,00,00,00,00,00,
4380303354,000004E4,false,Rx,0,8,02,66,85,00,23,00,00,10,
85403210,000004DE,false,Tx,0,8,40,00,00,00,00,00,00,00,
4380403353,000004E4,false,Rx,0,8,02,62,85,00,22,00,00,10,
85500941,000004DE,false,Tx,0,8,40,00,00,00,00,00,00,00,
4380503342,000004E4,false,Rx,0,8,02,56,85,00,1E,00,00,10,
85611273,000004DE,false,Tx,0,8,40,00,00,00,00,00,00,00,
4380603384,000004E4,false,Rx,0,8,02,4A,85,00,1A,00,00,10,
85760413,000004DE,false,Tx,0,8,40,00,00,00,00,00,00,00,
4380703336,000004E4,false,Rx,0,8,02,3E,85,00,16,00,00,10,
85853109,000004DE,false,Tx,0,8,40,00,00,00,00,00,00,00,
4380803385,000004E4,false,Rx,0,8,02,31,85,00,12,00,00,10,
4380903426,000004E4,false,Rx,0,8,02,25,85,00,0D,00,00,10,
85967836,000004DE,false,Tx,0,8,40,00,00,00,00,00,00,00,
86061285,000004DE,false,Tx,0,8,40,00,00,00,00,00,00,00,
4381002970,000004E4,false,Rx,0,8,02,04,85,00,01,00,00,10,
4381102950,000004E4,false,Rx,0,8,02,00,85,00,00,00,00,10,
86176342,000004DE,false,Tx,0,8,40,00,00,00,00,00,00,00,
4381202953,000004E4,false,Rx,0,8,02,00,85,00,00,00,00,10,
86281269,000004DE,false,Tx,0,8,40,00,00,00,00,00,00,00,
4381302960,000004E4,false,Rx,0,8,02,00,85,00,00,00,00,10,
86399143,000004DE,false,Tx,0,8,40,00,00,00,00,00,00,00,
4381402981,000004E4,false,Rx,0,8,02,00,85,00,00,00,00,10,
86500216,000004DE,false,Tx,0,8,40,00,00,00,00,00,00,00,
4381502981,000004E4,false,Rx,0,8,02,00,85,00,00,00,00,10,
86620891,000004DE,false,Tx,0,8,40,00,00,00,00,00,00,00,
4381602970,000004E4,false,Rx,0,8,02,00,85,00,00,00,00,10,
86752902,000004DE,false,Tx,0,8,40,00,00,00,00,00,00,00,
4381702964,000004E4,false,Rx,0,8,02,00,85,00,00,00,00,10,
86851400,000004DE,false,Tx,0,8,40,00,00,00,00,00,00,00,
4381802965,000004E4,false,Rx,0,8,02,00,85,00,00,00,00,10,
86952796,000004DE,false,Tx,0,8,40,00,00,00,00,00,00,00,
4381902966,000004E4,false,Rx,0,8,02,00,85,00,00,00,00,10,
87062007,000004DE,false,Tx,0,8,40,00,00,00,00,00,00,00,
4382002977,000004E4,false,Rx,0,8,02,00,85,00,00,00,00,10,
4382102998,000004E4,false,Rx,0,8,02,00,85,00,00,00,00,10,
87175926,000004DE,false,Tx,0,8,40,00,00,00,00,00,00,00,
4382202990,000004E4,false,Rx,0,8,02,00,85,00,00,00,00,10,
87287662,000004DE,false,Tx,0,8,40,00,00,00,00,00,00,00,
4382302980,000004E4,false,Rx,0,8,02,00,85,00,00,00,00,10,
87400582,000004DE,false,Tx,0,8,40,00,00,00,00,00,00,00,
4382403271,000004E4,false,Rx,0,8,02,00,85,00,00,00,00,10,
87535651,000004DE,false,Tx,0,8,40,00,00,00,00,00,00,00,
4382503208,000004E4,false,Rx,0,8,02,02,85,00,09,01,00,10,
87617046,000004DE,false,Tx,0,8,40,00,00,00,00,00,00,00,
4382603197,000004E4,false,Rx,0,8,02,08,85,00,0D,03,00,10,
87719461,000004DE,false,Tx,0,8,40,00,00,00,00,00,00,00,
4382703244,000004E4,false,Rx,0,8,02,0F,85,00,0F,04,00,10,
87839051,000004DE,false,Tx,0,8,40,00,00,00,00,00,00,00,
4382803240,000004E4,false,Rx,0,8,02,15,85,00,12,06,00,10,
87942101,000004DE,false,Tx,0,8,40,00,00,00,00,00,00,00,
4382903291,000004E4,false,Rx,0,8,02,1C,85,00,15,07,00,10,
88050632,000004DE,false,Tx,0,8,40,00,00,00,00,00,00,00,
4383003229,000004E4,false,Rx,0,8,00,23,85,00,19,09,00,00,
88161280,000004DE,false,Tx,0,8,40,00,00,00,00,00,00,00,
4383103229,000004E4,false,Rx,0,8,00,40,85,00,19,07,00,00,
4383203212,000004E4,false,Rx,0,8,00,42,85,00,19,05,00,00,
88279809,000004DE,false,Tx,0,8,40,00,00,00,00,00,00,00,
4383303374,000004E4,false,Rx,0,8,00,42,85,00,18,04,00,00,
88392393,000004DE,false,Tx,0,8,40,00,00,00,00,00,00,00,
4383403426,000004E4,false,Rx,0,8,00,43,85,00,1A,03,00,00,
88515853,000004DE,false,Tx,0,8,40,00,00,00,00,00,00,00,
4383503426,000004E4,false,Rx,0,8,00,45,85,00,1C,02,00,00,
88624687,000004DE,false,Tx,0,8,40,00,00,00,00,00,00,00,
4383603416,000004E4,false,Rx,0,8,00,46,85,00,1E,01,00,00,
88761645,000004DE,false,Tx,0,8,40,00,00,00,00,00,00,00,
4383703409,000004E4,false,Rx,0,8,00,47,85,00,20,01,00,00,
88856815,000004DE,false,Tx,0,8,40,00,00,00,00,00,00,00,
4383803405,000004E4,false,Rx,0,8,00,48,85,00,21,01,00,00,
4383903394,000004E4,false,Rx,0,8,00,49,85,00,22,01,00,00,
88964234,000004DE,false,Tx,0,8,40,00,00,00,00,00,00,00,
4384003395,000004E4,false,Rx,0,8,00,4A,85,00,23,01,00,00,
89066231,000004DE,false,Tx,0,8,40,00,00,00,00,00,00,00,
4384103437,000004E4,false,Rx,0,8,00,64,85,00,24,00,00,00,
89175680,000004DE,false,Tx,0,8,40,00,00,00,00,00,00,00,
4384203430,000004E4,false,Rx,0,8,00,6A,85,00,25,00,00,00,
89290498,000004DE,false,Tx,0,8,40,00,00,00,00,00,00,00,
4384303421,000004E4,false,Rx,0,8,00,6B,85,00,25,00,00,00,
89404837,000004DE,false,Tx,0,8,40,00,00,00,00,00,00,00,
4384403421,000004E4,false,Rx,0,8,00,6B,85,00,25,00,00,00,
89512559,000004DE,false,Tx,0,8,40,00,00,00,00,00,00,00,
4384503412,000004E4,false,Rx,0,8,00,6B,85,00,25,00,00,00,
89627103,000004DE,false,Tx,0,8,40,00,00,00,00,00,00,00,
4384603403,000004E4,false,Rx,0,8,00,6B,85,00,25,00,00,00,
89759239,000004DE,false,Tx,0,8,40,00,00,00,00,00,00,00,
4384703455,000004E4,false,Rx,0,8,00,6A,85,00,25,00,00,00,
89843213,000004DE,false,Tx,0,8,40,00,00,00,00,00,00,00,
4384803443,000004E4,false,Rx,0,8,00,6A,85,00,25,00,00,00,
89959757,000004DE,false,Tx,0,8,40,00,00,00,00,00,00,00,
4384903444,000004E4,false,Rx,0,8,00,69,85,00,24,00,00,00,
4385003437,000004E4,false,Rx,0,8,00,69,85,00,24,00,00,00,
90076196,000004DE,false,Tx,0,8,40,00,00,00,00,00,00,00,
4385103426,000004E4,false,Rx,0,8,00,6A,85,00,25,00,00,00,
90184422,000004DE,false,Tx,0,8,40,00,00,00,00,00,00,00,
4385203419,000004E4,false,Rx,0,8,00,6A,85,00,25,00,00,00,
90297422,000004DE,false,Tx,0,8,40,00,00,00,00,00,00,00,
4385303415,000004E4,false,Rx,0,8,00,6A,85,00,25,00,00,00,
90391054,000004DE,false,Tx,0,8,40,00,00,00,00,00,00,00,
4385403468,000004E4,false,Rx,0,8,00,6B,85,00,25,00,00,00,
90507087,000004DE,false,Tx,0,8,40,00,00,00,00,00,00,00,
4385503457,000004E4,false,Rx,0,8,00,6B,85,00,25,00,00,00,
90622424,000004DE,false,Tx,0,8,40,00,00,00,00,00,00,00,
4385603447,000004E4,false,Rx,0,8,00,6C,85,00,25,00,00,00,
90726772,000004DE,false,Tx,0,8,40,00,00,00,00,00,00,00,
4385703437,000004E4,false,Rx,0,8,00,6C,85,00,25,00,00,00,
90844461,000004DE,false,Tx,0,8,40,00,00,00,00,00,00,00,
4385803436,000004E4,false,Rx,0,8,00,6C,85,00,25,00,00,00,
90960712,000004DE,false,Tx,0,8,40,00,00,00,00,00,00,00,
4385903437,000004E4,false,Rx,0,8,00,6C,85,00,25,00,00,00,
91059571,000004DE,false,Tx,0,8,40,00,00,00,00,00,00,00,
4386003477,000004E4,false,Rx,0,8,00,6C,85,00,25,00,00,00,
4386103467,000004E4,false,Rx,0,8,00,6C,85,00,25,00,00,00,
91176871,000004DE,false,Tx,0,8,40,00,00,00,00,00,00,00,
4386203471,000004E4,false,Rx,0,8,00,6C,85,00,25,00,00,00,
91304009,000004DE,false,Tx,0,8,40,00,00,00,00,00,00,00,
4386303467,000004E4,false,Rx,0,8,00,6C,85,00,25,00,00,00,
91403537,000004DE,false,Tx,0,8,40,00,00,00,00,00,00,00,
4386403447,000004E4,false,Rx,0,8,00,6C,85,00,25,00,00,00,
91518335,000004DE,false,Tx,0,8,40,00,00,00,00,00,00,00,
4386503447,000004E4,false,Rx,0,8,00,6C,85,00,25,00,00,00,
91611699,000004DE,false,Tx,0,8,40,00,00,00,00,00,00,00,
4386603436,000004E4,false,Rx,0,8,00,6C,85,00,25,00,00,00,
91730458,000004DE,false,Tx,0,8,40,00,00,00,00,00,00,00,
4386703492,000004E4,false,Rx,0,8,00,6C,85,00,25,00,00,00,
91846706,000004DE,false,Tx,0,8,40,00,00,00,00,00,00,00,
4386803483,000004E4,false,Rx,0,8,00,6C,85,00,25,00,00,00,
91957920,000004DE,false,Tx,0,8,40,00,00,00,00,00,00,00,
4386903474,000004E4,false,Rx,0,8,00,6D,85,00,26,00,00,00,
92062373,000004DE,false,Tx,0,8,40,00,00,00,00,00,00,00,
4387003517,000004E4,false,Rx,0,8,00,6D,85,00,26,00,00,00,
4387103465,000004E4,false,Rx,0,8,00,6C,85,00,25,00,00,00,
92185907,000004DE,false,Tx,0,8,40,00,00,00,00,00,00,00,
4387203456,000004E4,false,Rx,0,8,00,6C,85,00,25,00,00,00,
92292486,000004DE,false,Tx,0,8,40,00,00,00,00,00,00,00,
4387303497,000004E4,false,Rx,0,8,00,6C,85,00,25,00,00,00,
92394505,000004DE,false,Tx,0,8,40,00,00,00,00,00,00,00,
4387403497,000004E4,false,Rx,0,8,00,6C,85,00,25,00,00,00,
92516080,000004DE,false,Tx,0,8,40,00,00,00,00,00,00,00,
4387503498,000004E4,false,Rx,0,8,00,6C,85,00,25,00,00,00,
92610828,000004DE,false,Tx,0,8,40,00,00,00,00,00,00,00,
4387603477,000004E4,false,Rx,0,8,02,6C,85,00,25,00,00,10,
92727939,000004DE,false,Tx,0,8,40,00,00,00,00,00,00,00,
4387703478,000004E4,false,Rx,0,8,02,65,85,00,23,00,00,10,
92848258,000004DE,false,Tx,0,8,40,00,00,00,00,00,00,00,
4387803468,000004E4,false,Rx,0,8,02,59,85,00,1F,00,00,10,
4387903457,000004E4,false,Rx,0,8,02,4C,85,00,1B,00,00,10,
92971249,000004DE,false,Tx,0,8,40,00,00,00,00,00,00,00,
4388003509,000004E4,false,Rx,0,8,02,40,85,00,16,00,00,10,
93073683,000004DE,false,Tx,0,8,40,00,00,00,00,00,00,00,
4388103509,000004E4,false,Rx,0,8,02,34,85,00,12,00,00,10,
93184686,000004DE,false,Tx,0,8,40,00,00,00,00,00,00,00,
4388203551,000004E4,false,Rx,0,8,02,28,85,00,0E,00,00,10,
93305103,000004DE,false,Tx,0,8,40,00,00,00,00,00,00,00,
4388303095,000004E4,false,Rx,0,8,02,05,85,00,02,00,00,10,
93412340,000004DE,false,Tx,0,8,40,00,00,00,00,00,00,00,
4388403084,000004E4,false,Rx,0,8,02,00,85,00,00,00,00,10,
93543299,000004DE,false,Tx,0,8,40,00,00,00,00,00,00,00,
4388503085,000004E4,false,Rx,0,8,02,00,85,00,00,00,00,10,
93624847,000004DE,false,Tx,0,8,40,00,00,00,00,00,00,00,
4388603084,000004E4,false,Rx,0,8,02,00,85,00,00,00,00,10,
93749593,000004DE,false,Tx,0,8,40,00,00,00,00,00,00,00,
4388703106,000004E4,false,Rx,0,8,02,00,85,00,00,00,00,10,
4388803094,000004E4,false,Rx,0,8,02,00,85,00,00,00,00,10,
93865355,000004DE,false,Tx,0,8,40,00,00,00,00,00,00,00,
4388903094,000004E4,false,Rx,0,8,02,00,85,00,00,00,00,10,
93976472,000004DE,false,Tx,0,8,40,00,00,00,00,00,00,00,
4389003100,000004E4,false,Rx,0,8,02,00,85,00,00,00,00,10,
94082501,000004DE,false,Tx,0,8,40,00,00,00,00,00,00,00,
4389103091,000004E4,false,Rx,0,8,02,00,85,00,00,00,00,10,
94188655,000004DE,false,Tx,0,8,40,00,00,00,00,00,00,00,
4389203103,000004E4,false,Rx,0,8,02,00,85,00,00,00,00,10,
94310405,000004DE,false,Tx,0,8,40,00,00,00,00,00,00,00,
4389303122,000004E4,false,Rx,0,8,02,00,85,00,00,00,00,10,
94411799,000004DE,false,Tx,0,8,40,00,00,00,00,00,00,00,
4389403121,000004E4,false,Rx,0,8,02,00,85,00,00,00,00,10,
94552237,000004DE,false,Tx,0,8,40,00,00,00,00,00,00,00,
4389503105,000004E4,false,Rx,0,8,02,00,85,00,00,00,00,10,
94652085,000004DE,false,Tx,0,8,40,00,00,00,00,00,00,00,
4389603105,000004E4,false,Rx,0,8,02,00,85,00,00,00,00,10,
94749887,000004DE,false,Tx,0,8,40,00,00,00,00,00,00,00,
4389703394,000004E4,false,Rx,0,8,02,00,85,00,01,00,00,10,
4389803333,000004E4,false,Rx,0,8,02,02,85,00,0A,01,00,10,
94869858,000004DE,false,Tx,0,8,40,00,00,00,00,00,00,00,
4389903385,000004E4,false,Rx,0,8,02,09,85,00,0D,03,00,10,
94968847,000004DE,false,Tx,0,8,40,00,00,00,00,00,00,00,
4390003377,000004E4,false,Rx,0,8,02,0F,85,00,10,05,00,10,
95083478,000004DE,false,Tx,0,8,40,00,00,00,00,00,00,00,
4390103363,000004E4,false,Rx,0,8,02,16,85,00,12,06,00,10,
95213076,000004DE,false,Tx,0,8,40,00,00,00,00,00,00,00,
4390203363,000004E4,false,Rx,0,8,02,1D,85,00,16,08,00,10,
95313067,000004DE,false,Tx,0,8,40,00,00,00,00,00,00,00,
4390303354,000004E4,false,Rx,0,8,00,27,85,00,19,09,00,00,
95432476,000004DE,false,Tx,0,8,40,00,00,00,00,00,00,00,
4390403343,000004E4,false,Rx,0,8,00,41,85,00,19,07,00,00,
95538986,000004DE,false,Tx,0,8,40,00,00,00,00,00,00,00,
4390503344,000004E4,false,Rx,0,8,00,42,85,00,18,05,00,00,
95654589,000004DE,false,Tx,0,8,40,00,00,00,00,00,00,00,
4390603561,000004E4,false,Rx,0,8,00,42,85,00,18,04,00,00,
95755054,000004DE,false,Tx,0,8,40,00,00,00,00,00,00,00,
4390703551,000004E4,false,Rx,0,8,00,43,85,00,1A,03,00,00,
4390803550,000004E4,false,Rx,0,8,00,45,85,00,1C,02,00,00,
95871876,000004DE,false,Tx,0,8,40,00,00,00,00,00,00,00,
4390903529,000004E4,false,Rx,0,8,00,46,85,00,1E,01,00,00,
95971431,000004DE,false,Tx,0,8,40,00,00,00,00,00,00,00,
4391003585,000004E4,false,Rx,0,8,00,47,85,00,1F,01,00,00,
96098679,000004DE,false,Tx,0,8,40,00,00,00,00,00,00,00,
4391103525,000004E4,false,Rx,0,8,00,48,85,00,21,01,00,00,
96197739,000004DE,false,Tx,0,8,40,00,00,00,00,00,00,00,
4391203525,000004E4,false,Rx,0,8,00,49,85,00,22,01,00,00,
96319079,000004DE,false,Tx,0,8,40,00,00,00,00,00,00,00,
4391303566,000004E4,false,Rx,0,8,00,49,85,00,23,01,00,00,
96406218,000004DE,false,Tx,0,8,40,00,00,00,00,00,00,00,
4391403566,000004E4,false,Rx,0,8,00,64,85,00,24,00,00,00,
96518527,000004DE,false,Tx,0,8,40,00,00,00,00,00,00,00,
4391503548,000004E4,false,Rx,0,8,00,69,85,00,24,00,00,00,
96630741,000004DE,false,Tx,0,8,40,00,00,00,00,00,00,00,
4391603546,000004E4,false,Rx,0,8,00,6A,85,00,25,00,00,00,
96756489,000004DE,false,Tx,0,8,40,00,00,00,00,00,00,00,
4391703536,000004E4,false,Rx,0,8,00,6A,85,00,25,00,00,00,
4391803529,000004E4,false,Rx,0,8,00,6B,85,00,25,00,00,00,
96868097,000004DE,false,Tx,0,8,40,00,00,00,00,00,00,00,
4391903581,000004E4,false,Rx,0,8,00,6B,85,00,25,00,00,00,
96972485,000004DE,false,Tx,0,8,40,00,00,00,00,00,00,00,
4392003572,000004E4,false,Rx,0,8,00,6B,85,00,25,00,00,00,
97083474,000004DE,false,Tx,0,8,40,00,00,00,00,00,00,00,
4392103571,000004E4,false,Rx,0,8,00,6B,85,00,25,00,00,00,
97186078,000004DE,false,Tx,0,8,40,00,00,00,00,00,00,00,
4392203560,000004E4,false,Rx,0,8,00,6A,85,00,25,00,00,00,
97301784,000004DE,false,Tx,0,8,40,00,00,00,00,00,00,00,
4392303550,000004E4,false,Rx,0,8,00,6A,85,00,25,00,00,00,
97421386,000004DE,false,Tx,0,8,40,00,00,00,00,00,00,00,
4392403550,000004E4,false,Rx,0,8,00,6A,85,00,25,00,00,00,
97535570,000004DE,false,Tx,0,8,40,00,00,00,00,00,00,00,
4392503592,000004E4,false,Rx,0,8,00,6A,85,00,25,00,00,00,
97655038,000004DE,false,Tx,0,8,40,00,00,00,00,00,00,00,
4392603592,000004E4,false,Rx,0,8,00,6A,85,00,25,00,00,00,
4392703581,000004E4,false,Rx,0,8,00,6A,85,00,25,00,00,00,
97776525,000004DE,false,Tx,0,8,40,00,00,00,00,00,00,00,
4392803574,000004E4,false,Rx,0,8,00,69,85,00,24,00,00,00,
97882641,000004DE,false,Tx,0,8,40,00,00,00,00,00,00,00,
4392903570,000004E4,false,Rx,0,8,00,69,85,00,24,00,00,00,
97989892,000004DE,false,Tx,0,8,40,00,00,00,00,00,00,00,
4393003561,000004E4,false,Rx,0,8,00,69,85,00,24,00,00,00,
98121082,000004DE,false,Tx,0,8,40,00,00,00,00,00,00,00,
4393103561,000004E4,false,Rx,0,8,00,69,85,00,24,00,00,00,
98205995,000004DE,false,Tx,0,8,40,00,00,00,00,00,00,00,
4393203601,000004E4,false,Rx,0,8,00,69,85,00,24,00,00,00,
98352595,000004DE,false,Tx,0,8,40,00,00,00,00,00,00,00,
4393303594,000004E4,false,Rx,0,8,00,69,85,00,24,00,00,00,
98434480,000004DE,false,Tx,0,8,40,00,00,00,00,00,00,00,
4393403591,000004E4,false,Rx,0,8,00,69,85,00,24,00,00,00,
98559369,000004DE,false,Tx,0,8,40,00,00,00,00,00,00,00,
4393503581,000004E4,false,Rx,0,8,00,6A,85,00,24,00,00,00,
98652807,000004DE,false,Tx,0,8,40,00,00,00,00,00,00,00,
4393603581,000004E4,false,Rx,0,8,00,6A,85,00,25,00,00,00,
4393703571,000004E4,false,Rx,0,8,00,6A,85,00,25,00,00,00,
98776765,000004DE,false,Tx,0,8,40,00,00,00,00,00,00,00,
4393803565,000004E4,false,Rx,0,8,00,6A,85,00,25,00,00,00,
98882946,000004DE,false,Tx,0,8,40,00,00,00,00,00,00,00,
4393903607,000004E4,false,Rx,0,8,00,6A,85,00,25,00,00,00,
98991809,000004DE,false,Tx,0,8,40,00,00,00,00,00,00,00,
4394003598,000004E4,false,Rx,0,8,00,6A,85,00,25,00,00,00,
99110721,000004DE,false,Tx,0,8,40,00,00,00,00,00,00,00,
4394103608,000004E4,false,Rx,0,8,00,6A,85,00,25,00,00,00,
99205852,000004DE,false,Tx,0,8,40,00,00,00,00,00,00,00,
4394203589,000004E4,false,Rx,0,8,00,6A,85,00,25,00,00,00,
99323040,000004DE,false,Tx,0,8,40,00,00,00,00,00,00,00,
4394303590,000004E4,false,Rx,0,8,00,69,85,00,24,00,00,00,
99420605,000004DE,false,Tx,0,8,40,00,00,00,00,00,00,00,
4394403577,000004E4,false,Rx,0,8,00,69,85,00,24,00,00,00,
99544444,000004DE,false,Tx,0,8,40,00,00,00,00,00,00,00,
4394503631,000004E4,false,Rx,0,8,00,69,85,00,24,00,00,00,
99652935,000004DE,false,Tx,0,8,40,00,00,00,00,00,00,00,
4394603622,000004E4,false,Rx,0,8,00,69,85,00,24,00,00,00,
99761132,000004DE,false,Tx,0,8,40,00,00,00,00,00,00,00,
4394703622,000004E4,false,Rx,0,8,00,69,85,00,24,00,00,00,
4394803605,000004E4,false,Rx,0,8,00,69,85,00,24,00,00,00,
99879473,000004DE,false,Tx,0,8,40,00,00,00,00,00,00,00,
4394903602,000004E4,false,Rx,0,8,02,69,85,00,24,00,00,10,
99977233,000004DE,false,Tx,0,8,40,00,00,00,00,00,00,00,
4395003592,000004E4,false,Rx,0,8,02,65,85,00,23,00,00,10,
100103374,000004DE,false,Tx,0,8,40,00,00,00,00,00,00,00,
4395103644,000004E4,false,Rx,0,8,02,58,85,00,1F,00,00,10,
100189707,000004DE,false,Tx,0,8,40,00,00,00,00,00,00,00,
4395203633,000004E4,false,Rx,0,8,02,4C,85,00,1A,00,00,10,
100309147,000004DE,false,Tx,0,8,40,00,00,00,00,00,00,00,
4395303633,000004E4,false,Rx,0,8,02,3F,85,00,16,00,00,10,
100407142,000004DE,false,Tx,0,8,40,00,00,00,00,00,00,00,
4395403623,000004E4,false,Rx,0,8,02,33,85,00,12,00,00,10,
100521369,000004DE,false,Tx,0,8,40,00,00,00,00,00,00,00,
4395503623,000004E4,false,Rx,0,8,02,27,85,00,0E,00,00,10,
100658962,000004DE,false,Tx,0,8,40,00,00,00,00,00,00,00,
4395603218,000004E4,false,Rx,0,8,02,02,85,00,02,00,00,10,
100734629,000004DE,false,Tx,0,8,40,00,00,00,00,00,00,00,
4395703219,000004E4,false,Rx,0,8,02,00,85,00,00,00,00,10,
100849707,000004DE,false,Tx,0,8,40,00,00,00,00,00,00,00,
4395803213,000004E4,false,Rx,0,8,02,00,85,00,00,00,00,10,
100957853,000004DE,false,Tx,0,8,40,00,00,00,00,00,00,00,
4395903234,000004E4,false,Rx,0,8,02,00,85,00,00,00,00,10,
101057822,000004DE,false,Tx,0,8,40,00,00,00,00,00,00,00,
4396003224,000004E4,false,Rx,0,8,02,00,85,00,00,00,00,10,
4396103225,000004E4,false,Rx,0,8,02,00,85,00,00,00,00,10,
101180086,000004DE,false,Tx,0,8,40,00,00,00,00,00,00,00,
4396203225,000004E4,false,Rx,0,8,02,00,85,00,00,00,00,10,
101277080,000004DE,false,Tx,0,8,40,00,00,00,00,00,00,00,
4396303219,000004E4,false,Rx,0,8,02,00,85,00,00,00,00,10,
101393846,000004DE,false,Tx,0,8,40,00,00,00,00,00,00,00,
4396403229,000004E4,false,Rx,0,8,02,00,85,00,00,00,00,10,
101503016,000004DE,false,Tx,0,8,40,00,00,00,00,00,00,00,
4396503250,000004E4,false,Rx,0,8,02,00,85,00,00,00,00,10,
101623677,000004DE,false,Tx,0,8,40,00,00,00,00,00,00,00,
4396603240,000004E4,false,Rx,0,8,02,00,85,00,00,00,00,10,
101729282,000004DE,false,Tx,0,8,40,00,00,00,00,00,00,00,
4396703240,000004E4,false,Rx,0,8,02,00,85,00,00,00,00,10,
101859657,000004DE,false,Tx,0,8,40,00,00,00,00,00,00,00,
4396803234,000004E4,false,Rx,0,8,02,00,85,00,00,00,00,10,
101961671,000004DE,false,Tx,0,8,40,00,00,00,00,00,00,00,
4396903237,000004E4,false,Rx,0,8,02,00,85,00,00,00,00,10,
4397003468,000004E4,false,Rx,0,8,02,00,85,00,00,00,00,10,
102066537,000004DE,false,Tx,0,8,40,00,00,00,00,00,00,00,
4397103498,000004E4,false,Rx,0,8,02,02,85,00,09,01,00,10,
102193515,000004DE,false,Tx,0,8,40,00,00,00,00,00,00,00,
4397203498,000004E4,false,Rx,0,8,02,08,85,00,0D,03,00,10,
102297690,000004DE,false,Tx,0,8,40,00,00,00,00,00,00,00,
4397303501,000004E4,false,Rx,0,8,02,0F,85,00,0F,04,00,10,
102420392,000004DE,false,Tx,0,8,40,00,00,00,00,00,00,00,
4397403488,000004E4,false,Rx,0,8,02,15,85,00,12,06,00,10,
102526661,000004DE,false,Tx,0,8,40,00,00,00,00,00,00,00,
4397503530,000004E4,false,Rx,0,8,02,1C,85,00,16,07,00,10,
102646436,000004DE,false,Tx,0,8,40,00,00,00,00,00,00,00,
4397603478,000004E4,false,Rx,0,8,00,23,85,00,19,09,00,00,
102743833,000004DE,false,Tx,0,8,40,00,00,00,00,00,00,00,
4397703478,000004E4,false,Rx,0,8,00,40,85,00,19,07,00,00,
102860237,000004DE,false,Tx,0,8,40,00,00,00,00,00,00,00,
4397803521,000004E4,false,Rx,0,8,00,42,85,00,18,05,00,00,
4397903674,000004E4,false,Rx,0,8,00,42,85,00,18,04,00,00,
102964139,000004DE,false,Tx,0,8,40,00,00,00,00,00,00,00,
4398003674,000004E4,false,Rx,0,8,00,43,85,00,19,03,00,00,
103081538,000004DE,false,Tx,0,8,40,00,00,00,00,00,00,00,
4398103674,000004E4,false,Rx,0,8,00,44,85,00,1C,02,00,00,
103192937,000004DE,false,Tx,0,8,40,00,00,00,00,00,00,00,
4398203663,000004E4,false,Rx,0,8,00,46,85,00,1E,01,00,00,
103299643,000004DE,false,Tx,0,8,40,00,00,00,00,00,00,00,
4398303658,000004E4,false,Rx,0,8,00,47,85,00,1F,01,00,00,
103409015,000004DE,false,Tx,0,8,40,00,00,00,00,00,00,00,
4398403649,000004E4,false,Rx,0,8,00,48,85,00,21,01,00,00,
103528230,000004DE,false,Tx,0,8,40,00,00,00,00,00,00,00,
4398503701,000004E4,false,Rx,0,8,00,49,85,00,22,01,00,00,
103657577,000004DE,false,Tx,0,8,40,00,00,00,00,00,00,00,
4398603694,000004E4,false,Rx,0,8,00,4A,85,00,23,01,00,00,
103740562,000004DE,false,Tx,0,8,40,00,00,00,00,00,00,00,
4398703685,000004E4,false,Rx,0,8,00,63,85,00,24,00,00,00,
4398803677,000004E4,false,Rx,0,8,00,69,85,00,24,00,00,00,
103885815,000004DE,false,Tx,0,8,40,00,00,00,00,00,00,00,
103962130,000004DE,false,Tx,0,8,40,00,00,00,00,00,00,00,
4398903664,000004E4,false,Rx,0,8,00,6A,85,00,25,00,00,00,
4399003664,000004E4,false,Rx,0,8,00,6B,85,00,25,00,00,00,
104084890,000004DE,false,Tx,0,8,40,00,00,00,00,00,00,00,
4399103710,000004E4,false,Rx,0,8,00,6B,85,00,25,00,00,00,
104194022,000004DE,false,Tx,0,8,40,00,00,00,00,00,00,00,
4399203702,000004E4,false,Rx,0,8,00,6B,85,00,25,00,00,00,
104300989,000004DE,false,Tx,0,8,40,00,00,00,00,00,00,00,
4399303704,000004E4,false,Rx,0,8,00,6A,85,00,25,00,00,00,
104419363,000004DE,false,Tx,0,8,40,00,00,00,00,00,00,00,
4399403683,000004E4,false,Rx,0,8,00,6A,85,00,25,00,00,00,
104528852,000004DE,false,Tx,0,8,40,00,00,00,00,00,00,00,
4399503683,000004E4,false,Rx,0,8,00,69,85,00,24,00,00,00,
104631639,000004DE,false,Tx,0,8,40,00,00,00,00,00,00,00,
4399603673,000004E4,false,Rx,0,8,00,6A,85,00,25,00,00,00,
104737144,000004DE,false,Tx,0,8,40,00,00,00,00,00,00,00,
4399703674,000004E4,false,Rx,0,8,00,6A,85,00,25,00,00,00,
104851960,000004DE,false,Tx,0,8,40,00,00,00,00,00,00,00,
4399803717,000004E4,false,Rx,0,8,00,6A,85,00,25,00,00,00,
4399903705,000004E4,false,Rx,0,8,00,6A,85,00,25,00,00,00,
104971428,000004DE,false,Tx,0,8,40,00,00,00,00,00,00,00,
4400003705,000004E4,false,Rx,0,8,00,6B,85,00,25,00,00,00,
105086926,000004DE,false,Tx,0,8,40,00,00,00,00,00,00,00,
4400103698,000004E4,false,Rx,0,8,00,6A,85,00,25,00,00,00,
105180552,000004DE,false,Tx,0,8,40,00,00,00,00,00,00,00,
4400203685,000004E4,false,Rx,0,8,00,6A,85,00,25,00,00,00,
105302799,000004DE,false,Tx,0,8,40,00,00,00,00,00,00,00,
4400303686,000004E4,false,Rx,0,8,00,6A,85,00,25,00,00,00,
105412264,000004DE,false,Tx,0,8,40,00,00,00,00,00,00,00,
4400403684,000004E4,false,Rx,0,8,00,69,85,00,24,00,00,00,
105518859,000004DE,false,Tx,0,8,40,00,00,00,00,00,00,00,
4400503726,000004E4,false,Rx,0,8,00,69,85,00,24,00,00,00,
105633668,000004DE,false,Tx,0,8,40,00,00,00,00,00,00,00,
4400603720,000004E4,false,Rx,0,8,00,68,85,00,24,00,00,00,
105735151,000004DE,false,Tx,0,8,40,00,00,00,00,00,00,00,
4400703720,000004E4,false,Rx,0,8,00,69,85,00,24,00,00,00,
105850794,000004DE,false,Tx,0,8,40,00,00,00,00,00,00,00,
4400803710,000004E4,false,Rx,0,8,00,68,85,00,24,00,00,00,
4400903701,000004E4,false,Rx,0,8,00,68,85,00,24,00,00,00,
105968982,000004DE,false,Tx,0,8,40,00,00,00,00,00,00,00,
4401003701,000004E4,false,Rx,0,8,00,68,85,00,24,00,00,00,
106090733,000004DE,false,Tx,0,8,40,00,00,00,00,00,00,00,
4401103743,000004E4,false,Rx,0,8,00,68,85,00,24,00,00,00,
106182226,000004DE,false,Tx,0,8,40,00,00,00,00,00,00,00,
4401203743,000004E4,false,Rx,0,8,00,68,85,00,24,00,00,00,
106304967,000004DE,false,Tx,0,8,40,00,00,00,00,00,00,00,
4401303732,000004E4,false,Rx,0,8,00,68,85,00,24,00,00,00,
106439061,000004DE,false,Tx,0,8,40,00,00,00,00,00,00,00,
4401403722,000004E4,false,Rx,0,8,00,67,85,00,24,00,00,00,
106518612,000004DE,false,Tx,0,8,40,00,00,00,00,00,00,00,
4401503722,000004E4,false,Rx,0,8,00,67,85,00,24,00,00,00,
4401603715,000004E4,false,Rx,0,8,00,68,85,00,24,00,00,00,
106666898,000004DE,false,Tx,0,8,40,00,00,00,00,00,00,00,
4401703706,000004E4,false,Rx,0,8,00,68,85,00,24,00,00,00,
106773235,000004DE,false,Tx,0,8,40,00,00,00,00,00,00,00,
4401803746,000004E4,false,Rx,0,8,00,68,85,00,24,00,00,00,
106873587,000004DE,false,Tx,0,8,40,00,00,00,00,00,00,00,
4401903746,000004E4,false,Rx,0,8,00,68,85,00,24,00,00,00,
106975133,000004DE,false,Tx,0,8,40,00,00,00,00,00,00,00,
4402003736,000004E4,false,Rx,0,8,00,68,85,00,24,00,00,00,
107090233,000004DE,false,Tx,0,8,40,00,00,00,00,00,00,00,
4402103740,000004E4,false,Rx,0,8,00,68,85,00,24,00,00,00,
107216561,000004DE,false,Tx,0,8,40,00,00,00,00,00,00,00,
4402203726,000004E4,false,Rx,0,8,00,68,85,00,24,00,00,00,
107300161,000004DE,false,Tx,0,8,40,00,00,00,00,00,00,00,
4402303716,000004E4,false,Rx,0,8,02,64,85,00,23,00,00,10,
107408248,000004DE,false,Tx,0,8,40,00,00,00,00,00,00,00,
4402403767,000004E4,false,Rx,0,8,02,59,85,00,1F,00,00,10,
107521471,000004DE,false,Tx,0,8,40,00,00,00,00,00,00,00,
4402503758,000004E4,false,Rx,0,8,02,4C,85,00,1A,00,00,10,
107638981,000004DE,false,Tx,0,8,40,00,00,00,00,00,00,00,
4402603751,000004E4,false,Rx,0,8,02,40,85,00,16,00,00,10,
107740130,000004DE,false,Tx,0,8,40,00,00,00,00,00,00,00,
4402703747,000004E4,false,Rx,0,8,02,34,85,00,12,00,00,10,
107859558,000004DE,false,Tx,0,8,40,00,00,00,00,00,00,00,
4402803736,000004E4,false,Rx,0,8,02,28,85,00,0E,00,00,10,
4402903354,000004E4,false,Rx,0,8,02,06,85,00,02,00,00,10,
107977374,000004DE,false,Tx,0,8,40,00,00,00,00,00,00,00,
4403003343,000004E4,false,Rx,0,8,02,00,85,00,00,00,00,10,
108077515,000004DE,false,Tx,0,8,40,00,00,00,00,00,00,00,
4403103368,000004E4,false,Rx,0,8,02,00,85,00,00,00,00,10,
108186970,000004DE,false,Tx,0,8,40,00,00,00,00,00,00,00,
4403203353,000004E4,false,Rx,0,8,02,00,85,00,00,00,00,10,
108309002,000004DE,false,Tx,0,8,40,00,00,00,00,00,00,00,
4403303354,000004E4,false,Rx,0,8,02,00,85,00,00,00,00,10,
108418366,000004DE,false,Tx,0,8,40,00,00,00,00,00,00,00,
4403403354,000004E4,false,Rx,0,8,02,00,85,00,00,00,00,10,
108517598,000004DE,false,Tx,0,8,40,00,00,00,00,00,00,00,
4403503353,000004E4,false,Rx,0,8,02,00,85,00,00,00,00,10,
108633946,000004DE,false,Tx,0,8,40,00,00,00,00,00,00,00,
4403603352,000004E4,false,Rx,0,8,02,00,85,00,00,00,00,10,
108728269,000004DE,false,Tx,0,8,40,00,00,00,00,00,00,00,
4403703375,000004E4,false,Rx,0,8,02,00,85,00,00,00,00,10,
108847427,000004DE,false,Tx,0,8,40,00,00,00,00,00,00,00,
4403803375,000004E4,false,Rx,0,8,02,00,85,00,00,00,00,10,
108946374,000004DE,false,Tx,0,8,40,00,00,00,00,00,00,00,
4403903364,000004E4,false,Rx,0,8,02,00,85,00,00,00,00,10,
109056823,000004DE,false,Tx,0,8,40,00,00,00,00,00,00,00,
4404003363,000004E4,false,Rx,0,8,02,00,85,00,00,00,00,10,
4404103367,000004E4,false,Rx,0,8,02,00,85,00,00,00,00,10,
109165944,000004DE,false,Tx,0,8,40,00,00,00,00,00,00,00,
4404203364,000004E4,false,Rx,0,8,02,00,85,00,00,00,00,10,
109274428,000004DE,false,Tx,0,8,40,00,00,00,00,00,00,00,
4404303405,000004E4,false,Rx,0,8,02,00,85,00,00,00,00,10,
109412816,000004DE,false,Tx,0,8,40,00,00,00,00,00,00,00,
4404403684,000004E4,false,Rx,0,8,02,01,85,00,08,01,00,10,
109496292,000004DE,false,Tx,0,8,40,00,00,00,00,00,00,00,
4404503623,000004E4,false,Rx,0,8,02,07,85,00,0D,03,00,10,
109611901,000004DE,false,Tx,0,8,40,00,00,00,00,00,00,00,
4404603616,000004E4,false,Rx,0,8,02,0E,85,00,0F,04,00,10,
109717431,000004DE,false,Tx,0,8,40,00,00,00,00,00,00,00,
4404703612,000004E4,false,Rx,0,8,02,15,85,00,12,06,00,10,
109829545,000004DE,false,Tx,0,8,40,00,00,00,00,00,00,00,
4404803654,000004E4,false,Rx,0,8,02,1B,85,00,15,07,00,10,
109930712,000004DE,false,Tx,0,8,00,00,00,00,00,00,00,00,
4404903384,000004E4,false,Rx,0,8,00,0D,85,00,0A,03,00,00,
110040572,000004DE,false,Tx,0,8,00,00,00,00,00,00,00,00,
4405003405,000004E4,false,Rx,0,8,00,01,85,00,01,00,00,00,
110156421,000004DE,false,Tx,0,8,00,00,00,00,00,00,00,00,
4405103408,000004E4,false,Rx,0,8,00,00,85,00,00,00,00,00,
110258078,000004DE,false,Tx,0,8,00,00,00,00,00,00,00,00,
4405203395,000004E4,false,Rx,0,8,00,00,85,00,00,00,00,00,
4405303395,000004E4,false,Rx,0,8,00,00,85,00,00,00,00,00,
110370656,000004DE,false,Tx,0,8,00,00,00,00,00,00,00,00,
4405403395,000004E4,false,Rx,0,8,00,00,85,00,00,00,00,00,
110477994,000004DE,false,Tx,0,8,00,00,00,00,00,00,00,00,
4405503394,000004E4,false,Rx,0,8,00,00,85,00,00,00,00,00,
110591126,000004DE,false,Tx,0,8,00,00,00,00,00,00,00,00,
4405603421,000004E4,false,Rx,0,8,00,00,85,00,00,00,00,00,
110697868,000004DE,false,Tx,0,8,00,00,00,00,00,00,00,00,
4405703422,000004E4,false,Rx,0,8,00,00,85,00,00,00,00,00,
110812465,000004DE,false,Tx,0,8,00,00,00,00,00,00,00,00,
4405803411,000004E4,false,Rx,0,8,00,00,85,00,00,00,00,00,
110937189,000004DE,false,Tx,0,8,00,00,00,00,00,00,00,00,
4405903401,000004E4,false,Rx,0,8,00,00,85,00,00,00,00,00,
111028270,000004DE,false,Tx,0,8,00,00,00,00,00,00,00,00,
4406003400,000004E4,false,Rx,0,8,00,00,85,00,00,00,00,00,
111160251,000004DE,false,Tx,0,8,00,00,00,00,00,00,00,00,
4406103404,000004E4,false,Rx,0,8,00,00,85,00,00,00,00,00,
111248738,000004DE,false,Tx,0,8,00,00,00,00,00,00,00,00,
4406203401,000004E4,false,Rx,0,8,00,00,85,00,00,00,00,00,
4406303434,000004E4,false,Rx,0,8,00,00,85,00,00,00,00,00,
111368645,000004DE,false,Tx,0,8,00,00,00,00,00,00,00,00,
111462966,000004DE,false,Tx,0,8,00,00,00,00,00,00,00,00,
4406403419,000004E4,false,Rx,0,8,00,00,85,00,00,00,00,00,
4406503413,000004E4,false,Rx,0,8,00,00,85,00,00,00,00,00,
111580221,000004DE,false,Tx,0,8,00,00,00,00,00,00,00,00,
4406603415,000004E4,false,Rx,0,8,00,00,85,00,00,00,00,00,
111702635,000004DE,false,Tx,0,8,00,00,00,00,00,00,00,00,
4406703416,000004E4,false,Rx,0,8,00,00,85,00,00,00,00,00,
111796409,000004DE,false,Tx,0,8,00,00,00,00,00,00,00,00,
4406803415,000004E4,false,Rx,0,8,00,00,85,00,00,00,00,00,
111910288,000004DE,false,Tx,0,8,00,00,00,00,00,00,00,00,
4406903415,000004E4,false,Rx,0,8,00,00,85,00,00,00,00,00,
112026709,000004DE,false,Tx,0,8,00,00,00,00,00,00,00,00,
4407003447,000004E4,false,Rx,0,8,00,00,85,00,00,00,00,00,
112119640,000004DE,false,Tx,0,8,00,00,00,00,00,00,00,00,
4407103437,000004E4,false,Rx,0,8,00,00,85,00,00,00,00,00,
112230976,000004DE,false,Tx,0,8,00,00,00,00,00,00,00,00,
4407203426,000004E4,false,Rx,0,8,00,00,85,00,00,00,00,00,
112336656,000004DE,false,Tx,0,8,00,00,00,00,00,00,00,00,
4407303426,000004E4,false,Rx,0,8,00,00,85,00,00,00,00,00,
112448909,000004DE,false,Tx,0,8,00,00,00,00,00,00,00,00,
4407403426,000004E4,false,Rx,0,8,00,00,85,00,00,00,00,00,
112560710,000004DE,false,Tx,0,8,00,00,00,00,00,00,00,00,
4407503426,000004E4,false,Rx,0,8,00,00,85,00,00,00,00,00,
4407603450,000004E4,false,Rx,0,8,00,00,85,00,00,00,00,00,
112664621,000004DE,false,Tx,0,8,00,00,00,00,00,00,00,00,
4407703447,000004E4,false,Rx,0,8,00,00,85,00,00,00,00,00,
112773801,000004DE,false,Tx,0,8,00,00,00,00,00,00,00,00,
4407803446,000004E4,false,Rx,0,8,00,00,85,00,00,00,00,00,
112906516,000004DE,false,Tx,0,8,00,00,00,00,00,00,00,00,
4407903435,000004E4,false,Rx,0,8,00,00,85,00,00,00,00,00,
112996425,000004DE,false,Tx,0,8,00,00,00,00,00,00,00,00,
4408003437,000004E4,false,Rx,0,8,00,00,85,00,00,00,00,00,
113108325,000004DE,false,Tx,0,8,00,00,00,00,00,00,00,00,
4408103441,000004E4,false,Rx,0,8,00,00,85,00,00,00,00,00,
113224798,000004DE,false,Tx,0,8,00,00,00,00,00,00,00,00,
4408203442,000004E4,false,Rx,0,8,00,00,85,00,00,00,00,00,
113337854,000004DE,false,Tx,0,8,00,00,00,00,00,00,00,00,
4408303463,000004E4,false,Rx,0,8,00,00,85,00,00,00,00,00,
113439357,000004DE,false,Tx,0,8,00,00,00,00,00,00,00,00,
4408403456,000004E4,false,Rx,0,8,00,00,85,00,00,00,00,00,
113558247,000004DE,false,Tx,0,8,00,00,00,00,00,00,00,00,
4408503447,000004E4,false,Rx,0,8,00,00,85,00,00,00,00,00,
4408603450,000004E4,false,Rx,0,8,00,00,85,00,00,00,00,00,
113668731,000004DE,false,Tx,0,8,00,00,00,00,00,00,00,00,
4408703447,000004E4,false,Rx,0,8,00,00,85,00,00,00,00,00,
113765584,000004DE,false,Tx,0,8,00,00,00,00,00,00,00,00,
113874898,000004DE,false,Tx,0,8,00,00,00,00,00,00,00,00,
113982937,000004DE,false,Tx,0,8,00,00,00,00,00,00,00,00,
114091562,000004DE,false,Tx,0,8,00,00,00,00,00,00,00,00,
114200088,000004DE,false,Tx,0,8,00,00,00,00,00,00,00,00,
114312424,000004DE,false,Tx,0,8,00,00,00,00,00,00,00,00,
114417304,000004DE,false,Tx,0,8,00,00,00,00,00,00,00,00,
114523798,000004DE,false,Tx,0,8,00,00,00,00,00,00,00,00,
114639506,000004DE,false,Tx,0,8,00,00,00,00,00,00,00,00,
114752886,000004DE,false,Tx,0,8,00,00,00,00,00,00,00,00,
114861322,000004DE,false,Tx,0,8,00,00,00,00,00,00,00,00,
114966790,000004DE,false,Tx,0,8,00,00,00,00,00,00,00,00,
115080514,000004DE,false,Tx,0,8,00,00,00,00,00,00,00,00,
115203118,000004DE,false,Tx,0,8,00,00,00,00,00,00,00,00,
115291808,000004DE,false,Tx,0,8,00,00,00,00,00,00,00,00,
