CAN-ID,module,In-DBC,DBC-name,note-of-coverage
0x7F,IGPM,Partial,My_pcan.dbc,"bytes not covered: 0,1,2,3,4,5,6,7"
0x10C,SCU,Partial,My_pcan.dbc,bytes not covered: 3
0x153,IEB,Full,My_pcan.dbc,
0x220,IEB,Full,My_pcan.dbc,
0x2A2,IEB,Partial,My_pcan.dbc,"bytes not covered: 4,5"
0x2B0,IGPM,Full,My_pcan.dbc,
0x331,IEB,Partial,My_pcan.dbc,"bytes not covered: 5,6,7"
0x354,SBW,Partial,My_pcan.dbc,"bytes not covered: 1,3"
0x386,IEB,Full,My_pcan.dbc,
0x387,IEB,Partial,My_pcan.dbc,bytes not covered: 7
0x394,IEB,Full,My_pcan.dbc,
0x3B9,BMU,Partial,My_pcan.dbc,"bytes not covered: 0,1,2,3,4,5,6,7"
0x3BA,BMU,Partial,My_pcan.dbc,"bytes not covered: 0,1,2,3,4,5,6,7"
0x3BB,BMU,Partial,My_pcan.dbc,"bytes not covered: 0,1,2,3,4,5,6,7"
0x3D0,BMU,Partial,My_pcan.dbc,"bytes not covered: 0,1,2,3,4,5,6,7"
0x3D1,BMU,Partial,My_pcan.dbc,"bytes not covered: 0,1,2,3,4,5,6,7"
0x3D2,BMU,Partial,My_pcan.dbc,"bytes not covered: 0,1,2,3,4,5,6,7"
0x3D3,BMU,Partial,My_pcan.dbc,"bytes not covered: 0,1,2,3,4,5,6,7"
0x3D4,BMU,Partial,My_pcan.dbc,"bytes not covered: 0,1,2,3,4,5,6,7"
0x3D5,BMU,Partial,My_pcan.dbc,"bytes not covered: 0,1,2,3,4,5,6,7"
0x3D6,BMU,Partial,My_pcan.dbc,"bytes not covered: 0,1,2,3,4,5,6,7"
0x3D7,BMU,Partial,My_pcan.dbc,"bytes not covered: 0,1,2,3,4,5,6,7"
0x3D8,BMU,Partial,My_pcan.dbc,"bytes not covered: 0,1,2,3,4,5,6,7"
0x3D9,BMU,Partial,My_pcan.dbc,"bytes not covered: 0,1,2,3,4,5,6,7"
0x3DA,BMU,Partial,My_pcan.dbc,"bytes not covered: 0,1,2,3,4,5,6,7"
0x3DB,BMU,Partial,My_pcan.dbc,"bytes not covered: 0,1,2,3,4,5,6,7"
0x3DC,BMU,Partial,My_pcan.dbc,"bytes not covered: 0,1,2,3,4,5,6,7"
0x3DD,BMU,Partial,My_pcan.dbc,"bytes not covered: 0,1,2,3,4,5,6,7"
0x3DE,BMU,Partial,My_pcan.dbc,"bytes not covered: 0,1,2,3,4,5,6,7"
0x3E2,BMU,Missing,,no message definition found
0x3E3,BMU,Missing,,no message definition found
0x3E4,BMU,Missing,,no message definition found
0x3E5,BMU,Missing,,no message definition found
0x3E6,BMU,Missing,,no message definition found
0x3E7,BMU,Missing,,no message definition found
0x3E8,BMU,Missing,,no message definition found
0x3E9,BMU,Missing,,no message definition found
0x3EA,BMU,Missing,,no message definition found
0x3EB,BMU,Missing,,no message definition found
0x3EC,BMU,Missing,,no message definition found
0x3F6,BMU,Partial,My_pcan.dbc,"bytes not covered: 0,1,2,3,4,5,6,7"
0x412,IGPM,Partial,My_pcan.dbc,"bytes not covered: 0,1,2,3,4,5,6,7"
0x450,IGPM,Full,My_pcan.dbc,
0x45C,AirCon_Ctl_unit,Partial,My_pcan.dbc,"bytes not covered: 0,1,2,3,4,5,6,7"
0x45D,IGPM,Partial,My_pcan.dbc,"bytes not covered: 0,1,2,3,4,5,6,7"
0x45E,IGPM,Partial,My_pcan.dbc,"bytes not covered: 0,1,2,3,4,5,6,7"
0x462,IGPM,Partial,My_pcan.dbc,"bytes not covered: 0,1,2,5,6,7"
0x471,IGPM,Partial,My_pcan.dbc,"bytes not covered: 0,1,3"
0x479,IGPM,Partial,My_pcan.dbc,"bytes not covered: 0,1,2,3,4,5,6,7"
0x490,IGPM,Partial,My_pcan.dbc,bytes not covered: 7
0x491,BMU,Partial,My_pcan.dbc,"bytes not covered: 0,1,2,3,4,5,6,7"
0x493,BMU,Partial,My_pcan.dbc,"bytes not covered: 0,1,2,3,4,5,6,7"
0x497,BMU,Partial,My_pcan.dbc,"bytes not covered: 1,2,3,4,5,6,7"
0x498,BMU,Partial,My_pcan.dbc,"bytes not covered: 0,1,2,3,4,5,6,7"
0x49A,IGPM,Partial,My_pcan.dbc,"bytes not covered: 0,1,2,3,4,5,6,7"
0x4A9,IGPM,Partial,My_pcan.dbc,"bytes not covered: 0,1,2,3,4,5,6,7"
0x4DD,BMU,Partial,My_pcan.dbc,"bytes not covered: 0,1,2,3,4,5,6,7"
0x4DE,BMU,Partial,My_pcan.dbc,"bytes not covered: 1,2,3,4,5,6,7"
0x4E2,BMU,Partial,My_pcan.dbc,"bytes not covered: 3,4,5,6,7"
0x4FE,IGPM,Partial,My_pcan.dbc,"bytes not covered: 0,1,3,4,5,6,7"
0x507,IEB,Full,My_pcan.dbc,
0x50D,AirCon_Ctl_unit,Partial,My_pcan.dbc,"bytes not covered: 0,1,5,6,7"
0x50E,IGPM,Partial,My_pcan.dbc,"bytes not covered: 0,1,2,3,4,5,6,7"
0x520,IGPM,Partial,My_pcan.dbc,"bytes not covered: 0,1,3,4,5,6,7"
0x541,IGPM,Full,My_pcan.dbc,
0x542,BMU,Partial,My_pcan.dbc,"bytes not covered: 2,3,7"
0x553,IGPM,Full,My_pcan.dbc,
0x559,IGPM,Partial,My_pcan.dbc,"bytes not covered: 0,2,3,4,5,6,7"
0x55C,IGPM,Partial,My_pcan.dbc,"bytes not covered: 0,1,2,3,4,5,6,7"
0x55F,IGPM,Partial,My_pcan.dbc,"bytes not covered: 0,1,2,3,4,5,6,7"
0x561,IGPM,Partial,My_pcan.dbc,"bytes not covered: 0,1,2,3,4,5,6,7"
0x567,IGPM,Partial,My_pcan.dbc,"bytes not covered: 5,6,7"
0x578,IGPM,Partial,My_pcan.dbc,"bytes not covered: 0,2"
0x588,IGPM,Partial,My_pcan.dbc,"bytes not covered: 3,4,5,6,7"
0x593,BCM,Full,My_pcan.dbc,
0x594,BMU,Partial,My_pcan.dbc,bytes not covered: 3
0x595,BMU,Partial,My_pcan.dbc,"bytes not covered: 0,7"
0x596,BMU,Full,My_pcan.dbc,
0x597,BMU,Partial,My_pcan.dbc,"bytes not covered: 2,3,4,5"
0x598,BMU,Partial,My_pcan.dbc,"bytes not covered: 0,1,2,3,4,5,6,7"
0x599,BMU,Partial,My_pcan.dbc,"bytes not covered: 3,4,5,6"
0x59C,BMU,Partial,My_pcan.dbc,"bytes not covered: 0,4,5,6,7"
0x59E,BMU,Partial,My_pcan.dbc,"bytes not covered: 0,1,2,3,5,6,7"
0x5A0,SRS,Partial,My_pcan.dbc,"bytes not covered: 1,2"
0x5A3,BMU,Partial,My_pcan.dbc,"bytes not covered: 1,7"
0x5B3,IGPM,Partial,My_pcan.dbc,"bytes not covered: 4,5,6,7"
0x5B4,IGPM,Partial,My_pcan.dbc,"bytes not covered: 0,1,2,3,4,5,6,7"
0x5BE,IGPM,Partial,My_pcan.dbc,"bytes not covered: 0,1,2,3,4,5,6,7"
0x5CA,AirCon_Ctl_unit,Partial,My_pcan.dbc,"bytes not covered: 0,1,2,3,4,5,6,7"
0x5CB,AirCon_Ctl_unit,Partial,My_pcan.dbc,"bytes not covered: 2,3,4,5,6,7"
0x5CC,AirCon_Ctl_unit,Partial,My_pcan.dbc,"bytes not covered: 0,1,2,3,4,5,6,7"
0x5D0,IGPM,Partial,My_pcan.dbc,"bytes not covered: 1,2,3,4,5,6,7"
0x5D3,IGPM,Partial,My_pcan.dbc,"bytes not covered: 1,2,3,4,5,6,7"
0x5D5,BMU,Partial,My_pcan.dbc,"bytes not covered: 0,1,2,3,4,5,6,7"
0x5D6,BMU,Partial,My_pcan.dbc,"bytes not covered: 3,4,7"
0x5D7,BMU,Partial,My_pcan.dbc,"bytes not covered: 4,5,6,7"
0x5D8,BMU,Partial,My_pcan.dbc,"bytes not covered: 1,2,3,4,5,6,7"
0x5DF,IGPM,Partial,My_pcan.dbc,"bytes not covered: 1,2,3,4,5,6,7"
0x5E5,CCM,Partial,My_pcan.dbc,"bytes not covered: 0,1,7"
0x5E6,CCM,Partial,My_pcan.dbc,"bytes not covered: 1,2,3,4,5,6,7"
0x5E8,CCM,Partial,My_pcan.dbc,"bytes not covered: 0,1,2,3,4,5,6,7"
0x5E9,CCM,Partial,My_pcan.dbc,"bytes not covered: 1,2,3,4,5,6,7"
0x5EC,IGPM,Partial,My_pcan.dbc,"bytes not covered: 1,2,4,5,6,7"
0x5F5,AirCon_Ctl_unit,Partial,My_pcan.dbc,"bytes not covered: 2,6"
0x5F6,AirCon_Ctl_unit,Partial,My_pcan.dbc,"bytes not covered: 2,3,4,7"
0x5F7,AirCon_Ctl_unit,Full,My_pcan.dbc,
0x5F8,AirCon_Ctl_unit,Full,My_pcan.dbc,
0x5F9,AirCon_Ctl_unit,Partial,My_pcan.dbc,"bytes not covered: 0,1,2,3,4,5,6,7"
