ID,rate,Module
0x7F,1.03,IGPM
0x109,69.39,Other
0x10C,73.08,SCU
0x153,64.58,IEB
0x200,69.39,Other
0x201,69.39,Other
0x202,69.39,Other
0x220,35.94,IEB
0x291,69.24,Other
0x2A1,6.91,Other
0x2A2,64.58,IEB
0x2B0,48.09,IGPM
0x331,64.54,IEB
0x333,69.39,Other
0x354,72.55,SBW
0x386,32.25,IEB
0x387,32.25,IEB
0x394,17.97,IEB
0x3B9,0.38,BMU
0x3BA,0.38,BMU
0x3BB,0.38,BMU
0x3D0,0.38,BMU
0x3D1,0.38,BMU
0x3D2,0.38,BMU
0x3D3,0.38,BMU
0x3D4,0.38,BMU
0x3D5,0.38,BMU
0x3D6,0.38,BMU
0x3D7,0.38,BMU
0x3D8,0.38,BMU
0x3D9,0.38,BMU
0x3DA,0.38,BMU
0x3DB,0.38,BMU
0x3DC,0.38,BMU
0x3DD,0.38,BMU
0x3DE,0.38,BMU
0x3E2,0.38,BMU
0x3E3,0.38,BMU
0x3E4,0.38,BMU
0x3E5,0.38,BMU
0x3E6,0.38,BMU
0x3E7,0.38,BMU
0x3E8,0.38,BMU
0x3E9,0.38,BMU
0x3EA,0.38,BMU
0x3EB,0.38,BMU
0x3EC,0.38,BMU
0x3F6,0.38,BMU
0x412,5.00,IGPM
0x450,50.00,IGPM
0x45B,6.96,Other
0x45C,1.56,AirCon_Ctl_unit
0x45D,5.00,IGPM
0x45E,5.00,IGPM
0x462,50.00,IGPM
0x471,50.00,IGPM
0x479,10.01,IGPM
0x47C,3.61,Other
0x490,13.33,IGPM
0x491,3.64,BMU
0x493,3.64,BMU
0x497,0.38,BMU
0x498,0.38,BMU
0x49A,5.12,IGPM
0x4A9,5.12,IGPM
0x4DD,3.64,BMU
0x4DE,3.64,BMU
0x4E2,3.64,BMU
0x4E4,3.58,Other
0x4EE,3.61,Other
0x4FE,5.00,IGPM
0x507,3.80,IEB
0x50D,1.63,AirCon_Ctl_unit
0x50E,5.00,IGPM
0x520,10.01,IGPM
0x523,68.93,Other
0x524,68.93,Other
0x529,3.49,Other
0x52B,6.96,Other
0x540,3.46,Other
0x541,10.73,IGPM
0x542,3.64,BMU
0x549,6.96,Other
0x553,5.31,IGPM
0x559,5.00,IGPM
0x55C,10.01,IGPM
0x55F,10.01,IGPM
0x561,10.01,IGPM
0x567,10.01,IGPM
0x570,3.58,Other
0x578,10.01,IGPM
0x579,6.96,Other
0x57A,6.96,Other
0x57B,6.96,Other
0x57F,3.61,Other
0x581,3.61,Other
0x588,10.01,IGPM
0x58E,3.61,Other
0x58F,6.96,Other
0x590,6.96,Other
0x592,6.96,Other
0x593,5.32,BCM
0x594,3.64,BMU
0x595,3.64,BMU
0x596,3.64,BMU
0x597,3.64,BMU
0x598,3.64,BMU
0x599,3.64,BMU
0x59C,3.64,BMU
0x59E,3.64,BMU
0x5A0,0.40,SRS
0x5A3,3.64,BMU
0x5B3,5.00,IGPM
0x5B4,5.00,IGPM
0x5BE,1.03,IGPM
0x5CA,0.39,AirCon_Ctl_unit
0x5CB,0.47,AirCon_Ctl_unit
0x5CC,0.54,AirCon_Ctl_unit
0x5D0,1.03,IGPM
0x5D3,1.03,IGPM
0x5D5,3.64,BMU
0x5D6,3.64,BMU
0x5D7,3.64,BMU
0x5D8,3.64,BMU
0x5D9,6.96,Other
0x5DC,0.70,Other
0x5DE,0.70,Other
0x5DF,5.42,IGPM
0x5E5,5.95,CCM
0x5E6,5.95,CCM
0x5E8,5.95,CCM
0x5E9,5.95,CCM
0x5EC,10.16,IGPM
0x5F5,3.08,AirCon_Ctl_unit
0x5F6,3.08,AirCon_Ctl_unit
0x5F7,3.08,AirCon_Ctl_unit
0x5F8,3.08,AirCon_Ctl_unit
0x5F9,3.08,AirCon_Ctl_unit
